"id","x","y","pH60_100cm","Terrain_Ruggedness_Index","AACN","Landsat_Band1","Elevation","Hillshading","Light_insolation","Mid_Slope_Positon","MRVBF","NDVI","TWI","Slope"
1,340386.442,6368689.83,4.47,1.34426,1.619186,57,103.131798,1.849483,1689.1062,0.876207,3.851238,-0.142857,17.538311,1.79058
2,340344.936,6368491.05,5.42,1.421216,0.281174,47,103.740997,1.427987,1701.0155,0.913833,3.312562,-0.386139,18.160637,1.41725
3,340559.118,6369167.98,6.26,1.636886,2.300552,59,99.917999,0.934104,1721.86096,0.843865,3.664095,-0.19685,18.790501,1.005097
4,340482.606,6368740.17,8.03,1.035425,1.739677,52,101.902496,1.517358,1688.45276,0.848188,3.918084,-0.140187,18.000427,1.486318
5,340734.239,6368963.76,8.86,1.269808,3.113953,62,99.783249,1.651887,1734.98645,0.832627,3.888233,-0.15,17.755169,1.829086
6,340779.725,6369165.58,7.28,0.73416,2.505943,53,97.39875,0.759718,1705.62561,0.88149,3.913123,-0.154639,18.722698,0.776578
7,340667.027,6368644.38,4.95,3.517036,4.567001,47,103.721497,3.679615,1761.49109,0.833279,0.201142,-0.235294,16.513178,4.929482
8,340860.792,6368873.58,5.61,3.068302,0.848412,52,97.387749,3.51999,1757.56616,0.889022,1.914471,-0.189655,17.297863,4.646908
9,340905.354,6368789.81,5.39,3.935317,8.889305,53,104.769501,2.972962,1739.09949,0.731035,0.240395,-0.182609,16.225309,3.735604
10,341130.968,6368944.55,3.44,4.383979,7.775093,63,99.698997,5.793205,1785.83667,0.672212,0.603852,-0.175573,15.10582,6.438053
11,341185.785,6368941.26,6.49,3.817485,7.530922,61,98.781502,3.241439,1760.49976,0.684828,1.383632,-0.168,15.813972,4.130964
12,341186.3,6368846.68,4.03,4.136884,13.543434,70,105.391296,5.539093,1784.453,0.340721,0.725667,-0.224242,13.501935,6.170799
13,341129.131,6368589.34,4.92,4.52722,32.340302,52,126.189301,3.976302,1753.0957,0.745644,0.10431,-0.178571,10.990019,5.45508
14,341404.743,6368916.81,3.92,4.387259,12.70813,48,101.503502,4.417164,1774.62439,0.358178,0.702202,-0.346154,14.003538,4.992814
15,341407.508,6368806.79,4.49,4.822379,22.591125,59,111.952797,4.676934,1795.49268,0.391104,0.495133,-0.153153,11.403375,5.911541
16,341530.414,6368912.88,5.5,4.040518,21.882889,57,109.279701,4.184806,1719.2771,0.491649,0.498758,-0.17757,12.205225,5.493066
17,341563.186,6368811.67,5.03,2.224568,23.537254,64,111.226501,1.640075,1709.302,0.583816,1.947729,-0.12,12.613151,1.837277
18,341759.8,6366015.5,4.93,2.688061,26.847137,48,124.822502,3.642654,1662.15173,0.410659,0.201943,-0.22807,11.564466,3.312022
19,341682.062,6369012.28,3.98,3.314123,25.814522,49,110.888199,2.509871,1749.52844,0.729202,0.220232,-0.3125,12.303728,2.798844
20,341784.041,6369138.85,5.5,4.791708,15.263565,49,98.313004,5.485241,1779.68494,0.04561,0.223127,-0.12963,14.012691,6.029856
21,341737.119,6368868.59,5,4.010158,23.344276,54,108.773003,5.353817,1684.75623,0.632016,0.627235,-0.130435,10.984658,4.742295
22,341781.278,6368714.61,4.46,4.359849,16.919579,56,102.793999,6.310273,1668.2616,0.219236,0.507587,-0.185185,12.636942,5.406125
23,342042.942,6368878.23,7.45,3.219715,2.232285,46,84.230499,4.510675,1720.65527,0.834732,1.176958,-0.247059,16.690371,4.321487
24,342131.586,6368612.52,5,1.53851,3.845474,57,87.005997,1.512974,1721.54138,0.840795,3.8797,-0.172414,17.683723,1.580262
25,339306.358,6370105.59,8.49,5.80475,36.546936,57,149.373001,9.596233,1690.23254,0.795759,0.030759,-0.224806,9.015413,7.994323
26,339305.433,6370100.81,6.76,5.108803,35.437119,55,148.203995,11.710542,1635.16467,0.828129,0.028042,-0.206897,8.854857,9.033672
27,341759.8,6365340.5,5.22,1.037088,23.728088,41,123.114799,1.304743,1688.6593,0.088115,0.398154,-0.333333,16.269865,1.293596
28,339259.8,6368940.5,6.46,4.789287,8.539948,63,124.671501,4.542094,1796.53638,0.743483,0.194654,-0.167883,15.72077,6.186599
29,340859.8,6368090.5,5.11,4.938502,32.431305,55,132.479797,4.665644,1736.20776,0.319553,0.756369,-0.192982,10.386094,6.561222
30,338581.952,6369969.46,7.07,5.974987,49.553818,46,171.3078,4.10398,1651.84497,0.764414,0.024401,-0.132075,9.677784,3.724299
31,341834.8,6365965.5,5.11,2.738814,23.393959,49,120.793999,2.978073,1662.69507,0.32471,0.507195,-0.204082,11.739967,2.792189
32,338731.467,6369890.98,5.51,7.618409,38.006447,43,157.994202,10.965971,1537.13062,0.635286,0.032119,-0.184211,9.170581,9.507451
33,338883.141,6369957.71,8.56,6.345372,36.164284,47,154.092697,13.835654,1636.1897,0.628903,0.053333,-0.12766,9.284912,10.464887
34,338932.469,6369859.75,4.07,5.922092,26.08651,55,143.407501,10.037209,1619.38318,0.414544,0.054153,-0.152542,10.434217,7.843032
35,339859.8,6369065.5,5.02,3.503961,11.808784,62,117.0327,4.120235,1759.23645,0.316195,0.809049,-0.149606,14.523517,4.387259
36,338859.801,6369539.67,4.56,1.932351,6.759659,56,125.736298,1.792158,1710.79919,0.895819,2.841346,-0.305556,16.701595,1.783141
37,338986.726,6370046.26,8.61,7.506406,30.386772,55,147.018799,12.006929,1580.49316,0.038262,0.252889,-0.132075,9.829089,9.047476
38,338983.7,6369614.27,8.97,1.542449,10.3311,49,127.101196,1.585278,1682.00256,0.803654,2.747224,-0.323944,16.526104,1.57859
39,338909.624,6369318.57,4.23,4.102605,9.579727,54,128.664505,4.927328,1654.11304,0.673905,0.37151,-0.193277,15.325385,4.308125
40,339130.99,6370012.31,4.82,4.307427,21.461792,50,136.199997,4.579538,1634.99036,0.433236,1.414798,-0.222222,11.671325,4.342265
41,339034.49,6369364.63,8.83,2.407822,4.889175,55,121.375,2.147545,1708.35315,0.908207,1.869603,-0.236641,16.79718,2.107819
42,338932.683,6369044.08,6,1.204192,1.04776,59,122.211304,1.42845,1700.61255,0.925296,2.962894,-0.207547,17.957815,1.413772
43,340984.8,6368240.5,5.1,4.545335,28.83242,52,126.432297,5.828113,1796.9978,0.027527,0.477194,-0.238938,10.762621,6.684701
44,339088.615,6369311.37,8.63,1.589637,4.502472,57,120.251801,0.949079,1693.66724,0.911277,2.610808,-0.208633,17.36187,0.954056
45,339110.446,6369266.51,7.58,1.972793,2.643707,57,118.216499,2.957728,1670.74793,0.928684,2.653531,-0.185185,16.864799,2.748534
46,339051.574,6368777.69,7.51,3.896401,4.252258,56,124.594704,1.60692,1733.74609,0.94982,1.976813,-0.272727,17.050823,1.735099
47,339383.344,6369386.95,5.66,2.11019,0,56,109.667,0.26092,1710.71838,0.942583,2.951901,-0.203252,19.780235,0.275002
48,339222.296,6368845.91,5.1,5.735074,13.537132,55,130.999802,4.512395,1782.20447,0.60823,0.293228,-0.172414,14.58698,6.589022
49,339452.107,6368988.86,4.57,3.407267,6.61937,59,118.506699,2.006974,1743.74365,0.792545,1.752517,-0.149606,16.682175,2.303499
50,339368.347,6368700.73,4.49,2.961999,26.132759,49,141.8918,2.145046,1748.92236,0.378568,0.258112,-0.320388,12.251181,2.419191
51,339561.497,6368966.24,4.53,5.284858,14.489105,55,124.947998,6.009579,1784.83923,0.34055,0.01896,-0.176471,13.794943,10.962539
52,339686.049,6369372.82,6.02,1.656434,1.64859,57,106.940498,1.725836,1730.02307,0.923108,3.161606,-0.186441,18.320744,1.828729
53,339706.774,6368869.23,4.5,3.78126,23.094864,57,132.1595,2.819255,1695.89185,0.403148,0.220427,-0.193277,12.242411,2.66436
54,339706.071,6368788.31,4.22,5.45128,17.897453,59,127.598503,10.014122,1605.90564,0.170339,0.401219,-0.174603,11.800759,7.808329
55,339909.687,6369215.21,7.43,2.106887,4.586449,64,107.904503,2.061509,1741.63599,0.864318,1.352806,-0.149254,17.191504,2.275397
56,339815.539,6368791.87,4.56,4.487702,10.712372,54,119.032501,4.574221,1650.12476,0.508838,0.652552,-0.174603,14.184861,4.045348
57,340066.897,6369063.06,5.37,4.760748,17.546013,57,120.296997,3.527248,1774.16089,0.196226,0.263683,-0.173554,13.379904,4.442535
58,340361.635,6368795.34,8.71,1.094546,2.661209,54,103.952202,1.433227,1729.2959,0.820002,3.585646,-0.171717,17.345121,1.543372
59,340455.086,6369138.34,4.72,2.235389,5.681999,57,104.340797,2.498932,1737.51563,0.745051,0.282899,-0.186992,17.54739,2.636051
60,339181.253,6369763.84,8.96,2.434704,10.277077,57,123.9375,2.899763,1660.82434,0.72083,1.652225,-0.193548,15.274623,2.77183
61,339732.007,6370010.75,6,4.538598,12.943428,40,120.573502,5.394285,1630.00098,0.015243,0.359964,-0.341463,13.237759,4.715599
62,339314.995,6370099.78,6.84,5.108803,35.437119,55,148.203995,11.710542,1635.16467,0.828129,0.028042,-0.206897,8.854857,9.033672
63,339324.692,6370090.42,5.58,4.219439,30.608879,60,143.089005,10.931662,1662.95679,0.767335,0.226658,-0.166667,9.44339,8.714214
64,340084.8,6365190.5,6.66,5.516599,37.471733,39,149.016006,5.991212,1687.22693,0.622146,0.502838,-0.230769,13.801155,5.246325
65,339779.683,6370138.25,5.52,5.712812,17.601395,59,125.405701,9.097166,1612.25586,0.251898,0.617146,-0.203125,11.520626,7.217164
66,342484.8,6366240.5,5.04,2.253531,9.880959,47,100.739304,2.640475,1662.75391,0.69011,1.8465,-0.28,15.662535,2.532575
67,339887.812,6369915.11,5.52,2.134391,3.644035,59,108.925499,2.25226,1680.43665,0.770066,1.540254,-0.212598,16.528246,2.144667
68,339975.872,6369503.64,5.99,1.207279,1.657578,63,103.799004,1.690888,1678.19775,0.889909,3.925797,-0.151515,18.346624,1.668996
69,339987.205,6370014.88,4.93,2.281872,4.46183,59,109.084999,1.747081,1686.46191,0.660869,1.658203,-0.169231,16.526579,1.695792
70,340013.563,6370093.84,5.5,4.087369,6.746674,59,111.518501,5.722739,1629.72119,0.455862,0.570359,-0.19685,14.84691,4.928153
71,340060.679,6370318.89,4.48,3.496833,20.118553,52,125.834503,2.147885,1743.99182,0.574985,0.045724,-0.095652,12.702254,2.354205
72,339364.121,6370261.81,6.51,5.618717,23.664749,64,136.2827,7.832976,1727.74243,0.065693,0.216301,-0.166667,11.30105,7.076396
73,340061.885,6369591.29,6.5,0.957532,2.731087,56,104.435204,1.027915,1713.00549,0.862199,3.930038,-0.149606,18.513733,1.057509
74,342234.8,6366890.5,5.29,3.309803,41.327339,47,132.515305,3.864865,1751.56274,0.698485,0.265964,-0.284404,9.926524,4.0185
75,340089.059,6369961.79,5.49,1.624914,2.99852,56,106.011703,1.925308,1687.1283,0.797993,2.330911,-0.1875,17.019756,1.857175
76,341409.8,6366490.5,8.66,5.645935,54.641655,42,155.066299,7.420319,1660.18066,0.627429,0.331588,-0.191011,9.79607,6.169234
77,340145.169,6369972.21,5.2,1.788412,2.290306,59,104.611298,2.112997,1686.42151,0.836474,2.130654,-0.169231,17.126751,2.025111
78,340311.646,6369557.84,5.5,0.526028,2.402969,60,101.479202,0.569317,1705.41016,0.848138,3.957083,-0.174603,19.455715,0.585003
79,340333.141,6369596.27,7.34,0.513449,2.342743,63,101.169296,0.623386,1708.42468,0.847654,3.955639,-0.174603,19.393011,0.643481
80,340334.394,6370016.91,5.84,1.919394,0.712334,55,100.582298,2.559891,1674.65576,0.847241,2.232477,-0.179104,17.392422,2.411074
81,339379.437,6369565.37,6.91,3.010729,2.290512,56,111.890701,4.746206,1678.87659,0.908895,0.593381,-0.176471,17.212137,4.226482
82,340392.689,6369299.75,6.36,1.769194,0,52,98.863998,0.83686,1696.96448,0.879856,3.801292,-0.241935,19.466797,0.84396
83,340457.221,6369691.67,7.85,0.62176,1.948921,64,99.474747,0.722914,1709.89514,0.84761,3.94762,-0.153285,19.093637,0.746672
84,340438.282,6369931.13,7.32,0.705039,0.206528,60,98.453499,0.898263,1697.63159,0.847611,2.966288,-0.151515,18.358791,0.904099
85,340482.957,6370121.64,6.09,2.371504,1.481514,56,100.017303,2.616081,1680.67419,0.826297,1.231007,-0.15625,16.789909,2.461706
86,340538.137,6369596.6,7.21,0.609443,2.830833,61,99.460999,0.811469,1716.09741,0.839812,3.95384,-0.1875,19.146896,0.852177
87,340533.421,6369920.77,6,0.588234,0.095299,59,97.034248,0.518338,1710.61182,0.847611,3.771135,-0.140625,18.585173,0.541251
88,339380.427,6370062.17,6.5,3.365966,28.830284,55,140.664993,0.720199,1709.21631,0.747163,0.705005,-0.177419,11.879716,0.735547
89,340613.079,6369467.51,7.34,2.097212,3.401306,57,99.2845,4.783972,1653.99768,0.83521,3.4771,-0.179104,17.691696,4.199913
90,340636.592,6369973,6.5,0.582361,0.044891,59,96.012749,0.499339,1705.44482,0.847576,3.695605,-0.154472,18.454565,0.515018
91,340688.551,6369991.68,7.16,0.688947,0.079834,64,95.556,0.795772,1699.35523,0.847362,3.618278,-0.151515,18.168234,0.805321
92,340732.69,6369653.27,9.25,0.915539,3.451103,62,97.838997,0.839325,1719.47229,0.808788,3.944854,-0.157895,18.484776,0.896708
93,340730.216,6370400.48,4.13,1.721239,11.218422,43,107.303001,1.364913,1707.16528,0.247046,0.123268,-0.08,15.819266,1.370091
94,340777.376,6369905.65,8.92,0.557547,0.330299,59,94.431252,0.648833,1704.32068,0.839961,3.90939,-0.136,18.311075,0.664551
95,339412.291,6369894.32,3.81,4.588991,14.160873,56,125.046997,5.588443,1629.52612,0.033677,0.674036,-0.20339,14.094678,4.849044
96,340926.09,6369344.04,6.49,0.639576,2.052589,66,94.575249,0.662514,1714.21716,0.91676,3.95208,-0.174603,19.23457,0.697297
97,340923.499,6369567.69,9.2,1.122153,0.384842,61,92.770752,1.315409,1691.17664,0.911695,3.952497,-0.184,19.111534,1.299592
98,340910.731,6369986.92,7.02,0.916363,0.86171,63,93.501251,0.771048,1692.44495,0.850674,3.761163,-0.17037,17.968296,0.783342
99,340964.594,6369730.77,5.6,1.101063,2.512978,63,94.317253,1.428278,1726.15454,0.841916,3.954848,-0.157895,18.001677,1.521776
100,340945.137,6370222.48,6,1.457788,7.165642,57,99.834,1.597974,1679.02319,0.545674,1.48333,-0.169492,16.168032,1.587653
101,340989.615,6369643.12,6.02,1.294157,2.248657,55,93.803497,1.828413,1678.26477,0.878897,3.949695,-0.216,18.384703,1.775179
102,341010.069,6369370.97,7.66,0.735191,2.0121,64,93.595253,0.78065,1714.25183,0.920982,3.957934,-0.151515,18.984613,0.817251
103,341059.8,6368390.5,4.82,3.94789,23.046959,47,118.886497,5.478751,1646.04089,0.336782,0.661573,-0.212121,12.182307,6.054483
104,341210.346,6369665.7,8.33,0.871194,2.619911,59,91.604752,0.940638,1691.0376,0.893231,3.964566,-0.193798,19.013823,0.945443
105,341242.654,6369342.57,5.89,0.920677,2.604309,64,91.641998,0.788505,1700.70093,0.92201,3.956566,-0.157895,18.963772,0.799766
106,341239.805,6369865.48,7.25,0.59367,1.465324,64,89.84375,0.829857,1704.26624,0.881022,3.938838,-0.151079,18.464602,0.845576
107,341259.837,6370088.91,8.12,1.678747,2.463188,57,90.540749,2.093337,1685.53967,0.840079,2.636486,-0.113043,17.380054,2.008338
108,341285.574,6369392.64,6.53,0.436569,2.468269,61,90.914749,0.510482,1710.04211,0.922009,3.962619,-0.203252,19.297804,0.533468
109,341364.05,6370013.83,7.26,0.796584,1.926239,59,88.663254,0.804922,1701.71838,0.877376,3.725168,-0.174603,18.393864,0.817514
110,341410.178,6369173.32,7.01,1.488503,1.187096,64,89.133499,2.100357,1742.00635,0.917989,2.940422,-0.166667,18.184336,2.367859
111,341435.063,6369564.6,9,2.020484,0.021133,57,86.301498,1.061437,1719.04211,0.941863,3.926796,-0.1875,19.137453,1.121679
112,341434.251,6369866.22,6,1.067522,1.679047,62,87.437263,1.073771,1700.8949,0.90218,3.93701,-0.17037,18.5473,1.080081
113,341638.993,6369254.92,5.98,3.116574,3.881134,61,88.430763,2.317736,1744.67835,0.849828,0.481305,-0.174603,17.440815,2.7377
114,339608.19,6369464.96,7.65,2.835063,0,64,105.347504,2.902169,1718.95642,0.93517,3.534508,-0.202797,18.371992,2.863795
115,341682.835,6369592.36,6.38,0.896291,0,57,82.626503,0.315174,1699.1134,0.94865,3.954686,-0.192982,19.789326,0.326092
116,341708.083,6369741.5,7.01,0.896186,0.814323,63,82.934013,0.886786,1713.71155,0.929084,3.971036,-0.176471,18.930616,0.926408
117,341732.154,6369838.86,5.51,0.781902,0.935013,59,82.790749,1.394138,1692.36694,0.91938,3.972133,-0.1875,18.667896,1.375449
118,341736.566,6370066.2,9.03,0.760544,2.96151,57,84.916748,0.99131,1687.927,0.889884,3.84665,-0.169492,18.447468,0.998426
119,341760.566,6369444.87,6.31,1.27224,1.576218,59,83.710999,1.312453,1726.1593,0.923141,3.241834,-0.193277,18.769049,1.422831
120,341834.383,6370139.15,5.96,1.128675,3.745323,49,84.495499,1.329929,1685.10706,0.880199,3.073634,-0.2,17.99807,1.314746
121,339579.213,6370353.94,6.01,6.014025,11.931427,43,122.840698,7.174232,1852.66431,0.592802,0.059766,-0.230769,13.717924,10.543578
122,340103.419,6370348.74,5.51,2.511461,18.310371,47,123.523003,2.930198,1760.99707,0.429437,0.215364,-0.196078,13.020394,3.380265
123,339503.561,6369688.75,4.96,2.069672,5.322075,52,113.723999,2.154653,1671.37256,0.776573,0.367797,-0.211009,17.491428,2.11058
124,341209.348,6370291.57,7.47,1.827644,8.420746,61,97.268501,2.254089,1671.63269,0.505288,1.789976,-0.196721,16.052355,2.159088
125,340426.528,6370286.72,5.82,3.518778,12.388748,54,112.579201,4.80298,1644.02039,0.139264,0.562031,-0.2,13.176785,4.227742
126,339700.686,6368155.13,6.46,2.890132,4.740067,55,120.001297,3.094664,1757.91748,0.864164,2.174641,-0.148515,16.49649,3.91547
127,340233.811,6368535.17,7.5,1.848356,2.903114,53,107.582497,2.547086,1701.03174,0.84524,3.333824,-0.119266,17.042459,2.449942
128,339350.796,6368426.05,5.02,5.805809,18.533508,53,136.128998,8.768646,1718.92835,0.455602,0.254326,-0.113208,10.959795,7.703584
129,338868.412,6369044.61,7.45,1.438918,1.723,62,124.121002,1.783883,1697.28735,0.909723,2.941675,-0.238095,17.608335,1.739929
130,340309.452,6368107.85,4.53,1.906298,13.104515,54,119.987,1.846485,1718.72498,0.260666,1.669959,-0.169492,14.293442,1.868449
131,339961.007,6368533.87,7.47,1.406131,3.608284,62,112.629204,2.232158,1677.60181,0.7837,2.912116,-0.121951,17.273432,2.12944
132,339466.857,6367772.48,5.38,3.605847,11.769859,49,134.673203,4.290182,1708.01428,0.730863,0.343049,-0.208333,13.657159,3.991266
133,340054.462,6368534.83,7.86,0.983658,2.839592,44,110.898003,1.89948,1677.50037,0.820603,3.54377,-0.271028,17.641783,1.846128
134,339401.128,6367702.43,8.65,5.140658,14.577438,40,138.789993,4.550241,1752.58167,0.693811,0.853868,-0.090909,12.875902,4.638499
135,339068.6,6368478.25,6.35,4.218289,18.140747,56,139.8573,2.856924,1703.22278,0.592641,1.797998,-0.225225,14.087102,3.315306
136,339867.69,6368669.11,5.47,1.912788,4.263626,61,113.048798,2.664036,1689.39856,0.737877,2.654969,-0.206107,16.205765,2.516394
137,339772.376,6368198.65,8.18,2.664874,5.325661,46,119.290703,2.75111,1724.14856,0.804349,1.509129,-0.2,16.403215,3.339248
138,339563.798,6368251.17,3.93,2.519336,5.204575,49,121.442703,2.725933,1709.59387,0.763308,1.479251,-0.191489,16.236738,2.641337
139,339429.985,6367753.58,6.97,3.720568,13.368866,49,136.413803,4.234786,1708.00708,0.686922,0.371018,-0.170213,13.224951,3.942963
140,340417.353,6368356.8,4.44,2.620587,5.136032,59,108.394997,1.339987,1729.89258,0.819619,2.090023,-0.203252,17.006004,1.458299
141,339758.081,6368115.57,5.99,3.099244,4.752869,53,119.862503,2.679333,1756.30969,0.793266,1.654826,-0.122449,16.08568,3.087813
142,339304.627,6370110.64,5.22,5.80475,36.546936,57,149.373001,9.596233,1690.23254,0.795759,0.030759,-0.224806,9.015413,7.994323
143,339288.804,6370121.69,7.5,6.08864,38.338371,54,151.447998,3.054652,1700.42444,0.84949,0.037884,-0.166667,9.707136,2.878451
144,340495.918,6367701.06,4.58,5.090271,38.549286,54,146.903198,4.846668,1796.12317,0.670839,0.060799,-0.168142,9.546475,5.818396
145,340315.683,6368255.68,4.99,3.34646,10.203735,56,115.567001,2.606786,1749.8656,0.565055,0.135105,-0.183333,15.193657,2.87844
146,340765.044,6367789.8,4.95,5.020896,41.504524,44,144.949493,8.583627,1685.45508,0.637209,0.253487,-0.230769,9.323534,7.202119
147,339959.078,6368381.01,5,3.242791,1.150734,53,111.616501,3.209109,1760.17419,0.863994,1.61862,-0.221239,16.704828,4.091544
148,340753.628,6367701.89,4.72,6.06383,40.631958,44,144.7733,8.5357,1734.19898,0.595198,0.304202,-0.320388,9.794803,7.706755
149,339484.8,6368740.5,5.1,3.491638,27.2855,42,140.719299,1.511402,1734.82166,0.506172,0.04693,-0.360825,12.002664,1.711654
150,339213.881,6368327.34,5.24,5.008735,30.406578,62,150.875198,7.912083,1711.96277,0.692291,0.266125,-0.179104,9.749562,6.937561
151,340444.614,6367688.48,4.98,4.467758,36.413353,46,145.608505,3.107538,1694.29822,0.682338,0.040574,-0.131313,10.172484,3.546765
152,339033.331,6368504.63,5.47,3.638754,17.484818,55,139.468002,3.347918,1679.01465,0.6871,1.233183,-0.25,14.364681,3.689661
153,339293.202,6368719.91,5.04,2.514712,25.137856,47,141.960297,1.206295,1730.40405,0.132096,0.095026,-0.297872,13.390021,1.297735
154,339625.726,6367822.19,7.07,3.268331,0.094398,46,121.154297,3.058192,1748.28674,0.94254,2.764163,-0.38,16.685181,3.265445
155,340722,6368583,4.89,3.834908,10.883995,54,109.668503,2.892998,1758.0863,0.537665,0.21572,-0.193277,15.541087,3.550982
156,339936.903,6368246.45,5.75,2.764611,10.170242,54,121.578201,2.03765,1745.08777,0.492447,0.311283,-0.12963,15.192981,2.311665
157,340300.47,6368188.56,4.99,2.826789,12.598816,59,118.704002,2.876175,1734.22473,0.31199,0.158315,-0.15625,14.324753,2.942328
158,340103.016,6368196.24,6.87,3.933311,2.70417,44,111.822701,4.607843,1735.31714,0.855424,1.823985,-0.222222,15.406937,4.518979
159,339075.825,6368926.77,8.26,2.342058,1.776657,59,121.265701,3.201801,1712.2771,0.945287,2.783278,-0.151515,17.622395,3.082603
160,339479.013,6368137.34,4.01,2.701038,8.397285,56,126.534302,3.371714,1711.36414,0.66406,0.334841,-0.192982,15.138137,3.223398
161,339832.597,6367978.7,5.66,2.396545,13.717522,54,129.341507,2.131072,1723.03174,0.371348,0.229612,-0.102041,15.005924,2.493281
162,340505.022,6368397.03,5.52,2.952378,11.690781,61,113.6483,2.341988,1731.6936,0.517417,0.130218,-0.174603,15.457587,2.805571
163,340557.011,6368181.38,5.48,4.318145,23.08564,54,126.0243,3.649967,1770.14148,0.505313,0.227536,-0.168142,11.910956,4.835207
164,340425.519,6367780.78,5.91,4.340657,30.880196,48,139.156296,4.326029,1778.24011,0.467905,0.491747,-0.100917,10.651796,4.89188
165,339385.571,6368712.87,4.98,3.578609,25.259094,44,140.451996,3.97293,1785.84692,0.413029,0.588965,-0.402299,11.189739,4.975739
166,339990.998,6368718.01,4.2,1.675628,2.818985,56,109.520798,0.818159,1705.08447,0.783432,2.90426,-0.172414,17.073725,0.831822
167,340180.118,6368391.9,5.81,2.283172,0,49,106.686203,1.515,1712.24072,0.899982,2.940423,-0.233333,17.733269,1.53041
168,340557.3,6368047.19,5.01,4.498096,28.534233,54,132.737701,3.796325,1729.83325,0.492756,0.45664,-0.22449,10.153491,4.943885
169,340723.705,6368048.21,5.07,4.513239,34.060074,53,136.005203,4.509621,1786.76038,0.443851,0.5236,-0.288136,10.464754,5.290374
170,339037.427,6368811.35,6.5,3.462345,3.110527,55,123.689201,2.769753,1730.9585,0.943178,2.529718,-0.25,16.896933,2.815541
171,339629.388,6368307.02,5.5,1.992155,3.901756,59,118.555,2.211692,1708.88879,0.730587,2.766865,-0.184,16.862776,2.170075
172,340349.017,6368575.4,8.32,1.209126,0.686775,47,103.362999,1.416179,1706.62293,0.903245,3.761187,-0.333333,18.09609,1.419234
173,340515.52,6368727.81,7.47,0.984916,0.888985,54,100.9105,1.557368,1682.96619,0.861117,3.901123,-0.2,18.142488,1.527578
174,340442.767,6367710.07,6.5,4.099731,35.95594,48,144.9245,2.611562,1758.29431,0.686157,0.04402,-0.121495,10.350684,3.109219
175,339329.615,6368484.6,4.49,6.762509,21.642075,54,139.099503,11.217194,1675.87293,0.624879,0.172452,-0.121495,9.858307,9.042076
176,339026.164,6368876.16,7.71,3.56368,3.087463,57,123.514297,6.879917,1671.53259,0.924092,0.737949,-0.17037,16.246855,5.844335
177,340669.835,6367700.43,4.16,4.180908,43.479195,47,149.078506,3.932418,1760.27417,0.684888,0.646765,-0.125,9.827676,5.394653
178,339958.185,6367926.61,5.19,4.433013,10.015282,54,124.790001,5.668816,1705.04834,0.305554,0.746947,-0.171171,13.186712,5.119126
179,340739.905,6368118.12,4.53,5.411131,27.723732,40,129.116501,6.975449,1822.09155,0.14219,0.21691,-0.333333,10.28457,8.456413
180,340301.04,6368019.77,4.5,3.202296,15.567116,57,123.515999,3.208291,1763.3811,0.040152,0.340474,-0.193277,12.935142,3.652308
181,339666.359,6368655.31,5.72,5.473777,11.596649,48,123.035004,8.672894,1611.98926,0.425835,0.164008,-0.257143,13.28285,6.940272
182,339778.557,6368638.27,4.45,2.139476,5.344505,56,115.314499,2.800201,1677.24939,0.708782,1.771098,-0.160714,15.887455,2.615359
183,339969.159,6368000.87,3.96,4.084665,11.537796,54,125.261497,6.060834,1701.92102,0.218243,0.282819,-0.211009,12.96907,5.410092
184,340734.972,6367930.05,5.49,2.552978,40.551537,53,143.2397,2.232574,1751.32471,0.765368,0.238742,-0.176471,10.167262,2.546143
185,339710.889,6368496.55,5.41,1.257877,5.184456,48,117.406502,1.422859,1725.18628,0.637435,2.903439,-0.136842,16.830271,1.492416
186,341493.684,6368399.02,5.14,4.412211,28.371078,56,119.4645,5.308762,1746.09277,0.647793,0.158812,-0.192982,10.701086,5.243128
187,341585.747,6369981.26,6.97,0.609103,2.155197,66,85.973503,0.625744,1698.23706,0.904806,3.921832,-0.151079,18.938944,0.637342
188,339163.25,6370164.02,7.44,3.850619,38.290787,50,152.900497,3.076313,1660.88196,0.788007,0.294802,-0.153153,10.008534,2.961327
189,341334.8,6366715.5,7.86,6.272543,41.39817,49,142.132507,5.859772,1726.5387,0.577635,0.640884,-0.178947,11.826299,8.904656
190,338729.15,6369699.1,9.08,3.003327,12.559502,50,133.004196,3.560973,1657.56433,0.868195,1.332718,-0.171171,15.329131,3.265046
191,338741.153,6370112.42,6.99,8.136369,24.154587,44,143.805496,4.542533,1798.03345,0.639627,0.712106,-0.16,13.570552,6.217229
192,338908.357,6370275.77,7.93,6.758055,23.310455,49,140.788803,5.792632,1825.99902,0.45525,0.044457,-0.087379,12.873409,9.667455
193,342159.8,6369690.5,7.83,1.331579,2.926712,59,79.903,3.714362,1652.3562,0.869377,3.982124,-0.163934,18.304607,3.835733
194,339134.462,6370187.03,6.5,3.213943,38.67144,46,153.587204,0.575164,1702.23413,0.81079,0.032607,-0.12,10.836374,0.590264
195,339384.656,6367401.79,6.97,7.052597,29.076431,49,156.793503,6.031956,1834.55725,0.672059,0.175425,-0.132075,11.635254,8.737162
196,339558.188,6370099.82,5.06,5.068247,29.320152,52,139.298203,6.235623,1622.22546,0.791985,0.331398,-0.182609,10.101203,5.331109
197,339563.495,6367297.66,3,5.847297,16.235306,55,146.598297,5.897298,1757.90137,0.561387,0.571936,-0.100775,12.685504,5.874085
198,339624.654,6367501.25,9.02,2.418228,2.161118,55,130.827698,2.399338,1726.85254,0.911712,2.79942,-0.192661,16.871105,2.43372
199,339678.397,6369107.12,6,4.143145,7.439125,56,114.689499,4.616507,1789.64624,0.744014,0.429745,-0.160714,15.391579,6.731658
200,339826.02,6367692.68,5,3.387912,13.234535,53,134.2173,3.762204,1762.10339,0.313315,0.810139,-0.125,13.945718,5.086401
201,339866.31,6369003.32,5.14,3.104492,13.723579,61,119.392303,2.922771,1736.07922,0.045812,1.745889,-0.166667,14.110949,3.001648
202,339958.917,6369705.93,5.5,1.050354,1.521881,64,104.856201,1.069193,1711.625,0.866366,2.648527,-0.15625,17.897039,1.094348
203,340031.672,6367648.5,4.52,6.346988,12.480492,49,130.047699,7.349252,1781.96729,0.264652,0.263647,-0.277778,11.977756,7.579786
204,340129.246,6369299.44,6,2.083193,0,59,100.166702,0.594306,1712.74487,0.873894,2.929882,-0.166667,19.519232,0.622346
205,340184.39,6369799.96,5.25,1.06857,0,62,100.669502,1.086821,1697.3634,0.84761,3.583704,-0.166667,18.464224,1.086099
206,340227.335,6370166.83,5.49,3.78401,8.192558,54,110.433701,4.239892,1642.89978,0.335471,0.592104,-0.168142,14.758033,3.83772
207,340929.424,6368601.98,4.95,3.304715,13.289787,47,109.518501,3.556895,1702.38745,0.578991,0.918459,-0.196262,14.582707,4.302969
208,341261.701,6368430.05,5.08,1.483011,38.577614,55,131.847702,0.662701,1706.90918,0.805373,0.055385,-0.292035,11.726074,0.676432
209,341500.12,6368620.93,5.29,4.141707,26.637939,54,116.085297,7.049072,1626.77954,0.35676,0.290369,-0.171171,10.695197,5.843255
210,339211.538,6369180.69,6.58,2.00775,0.230316,62,114.461304,1.321221,1725.44153,0.932732,2.926562,-0.15625,18.110918,1.397474
211,341616.1,6368228.34,6.75,3.92212,15.400208,61,106.094498,6.078937,1621.27136,0.407289,0.886806,-0.205882,14.071564,5.210597
212,342548.2,6367922.69,5.48,3.093683,25.581818,53,109.624496,2.211175,1727.39624,0.098834,1.934077,-0.226415,12.404269,2.619497
213,340519.6,6366997.41,6.01,7.479144,49.908829,49,161.5233,17.302963,1545.24902,0.009991,0.012835,-0.277311,9.103167,12.122273
214,340943.7,6366480.76,9.34,9.944356,105.468628,54,211.208298,6.00555,1795.77454,0.937459,0.013708,-0.206107,8.908306,6.524099
215,342627.1,6366319.16,6.9,2.065701,10.491608,35,99.837753,2.120988,1688.28455,0.461707,0.708383,-0.417722,14.821777,2.035357
216,340993.6,6368095.2,5.97,3.888098,41.79274,56,140.345993,2.668022,1759.27832,0.800019,0.049532,-0.216,9.716163,3.097352
217,341173.4,6368210.1,6.12,2.378947,37.146088,49,132.608505,2.163686,1748.7041,0.724291,0.338667,-0.284404,10.860914,2.457788
218,341281.6,6368065.5,5.46,5.082621,33.959839,47,129.209702,6.82021,1608.87732,0.674099,0.223265,-0.238095,9.86757,5.803195
219,341365.9,6368066.8,5.48,5.226847,29.941353,53,124.358498,7.922531,1628.51489,0.664205,0.093011,-0.135135,10.519198,6.441778
220,341438.2,6368050.3,5.44,5.179382,22.278671,49,116.026001,8.244355,1619.97595,0.216962,0.208053,-0.132075,12.342957,6.654798
221,341781.4,6367731.9,8.28,6.545182,38.730507,44,130.520493,3.656633,1778.06384,0.839554,0.022777,-0.115385,9.257535,4.479228
222,341857.9,6367807.4,8.95,5.63856,31.883911,39,122.537003,4.675476,1799.95447,0.735086,0.072125,-0.156627,10.3648,6.263118
223,341922.9,6367902.7,9.11,5.065178,25.806282,42,115.331299,5.020082,1797.41858,0.609162,0.091451,-0.096774,11.508935,6.144658
224,341964.4,6367941.1,8.6,4.550746,21.050819,44,110.061996,3.976947,1776.98755,0.330649,0.187418,-0.12,12.822672,4.684553
225,342012.3,6367996.2,8.8,3.988874,16.745354,54,105.008499,4.181658,1764.97974,0.065617,0.165909,-0.136,13.959808,4.568741
226,342058.8,6368073.5,8.8,3.102459,11.480942,64,98.853752,3.477951,1749.96448,0.533826,0.282579,-0.165468,15.092618,3.700972
227,342788.7,6368048.5,5.28,2.545012,39.491302,54,121.204498,0.423938,1709.67896,0.838944,0.006409,-0.172414,11.560157,0.439634
228,342651.3,6367917.7,6.4,2.99932,34.094933,68,117.387001,2.502032,1706.33569,0.685475,0.108651,-0.173913,11.178145,2.889878
229,342583.3,6367894.4,5.77,3.021523,27.558357,53,111.544296,3.209743,1731.37048,0.292441,1.499078,-0.192661,11.663642,4.054688
230,342444.4,6367967.6,5.22,2.943126,18.959892,56,103.706703,2.39852,1729.89209,0.371051,1.783168,-0.168,13.896199,2.881473
231,342350.8,6367966.1,6.6,2.476344,15.045021,56,100.399002,2.093651,1723.80237,0.543701,1.74912,-0.186992,15.013891,2.45761
232,342331.8,6367984.7,7.35,2.170411,13.569405,54,98.989502,1.956571,1720.37573,0.612847,1.824912,-0.214286,15.377018,2.271308
233,342201.9,6367963.8,7.07,1.555572,8.829193,61,95.446747,1.52511,1715.73962,0.790103,3.616144,-0.203252,16.627384,1.724222
234,342671.4,6367827.1,6.02,1.96858,32.307983,61,116.123001,0.997086,1690.82825,0.643091,0.02881,-0.157025,12.524985,1.013868
235,342694.6,6367550.2,6.73,1.818296,25.952225,56,110.899498,1.239262,1700.38074,0.454931,1.56898,-0.172414,12.803562,1.234611
236,342767,6367532.5,6.63,3.297567,23.278198,48,107.674004,4.757134,1680.73303,0.41113,0.535522,-0.173077,11.257053,4.244812
237,342785.1,6368074.6,7.53,2.55468,39.390114,55,120.963203,1.220921,1725.55066,0.838154,0.048039,-0.189655,11.003182,1.292823
238,342858,6368046.2,5.3,4.269618,35.788055,57,116.985298,7.094252,1675.64807,0.797007,0.295107,-0.17037,9.552023,6.03373
239,342902.1,6368043.7,6.74,4.170036,30.843605,59,111.705002,6.425567,1661.35938,0.631125,0.523804,-0.168,10.086722,5.458077
240,342998.7,6367975.3,6.02,4.063011,21.041077,59,101.657799,5.689587,1665.77124,0.102431,0.659472,-0.206107,11.086235,4.92095
241,343082.8,6367751.5,5.9,2.855568,12.261543,52,93.553253,3.857291,1644.28137,0.19459,0.31263,-0.104167,13.587828,3.556171
242,343126.3,6367669,6.03,2.328875,7.084076,39,88.422501,4.070198,1642.47607,0.597274,2.661819,-0.380952,14.725817,3.705238
243,340603.9,6367518.9,7.88,5.265843,53.895836,55,161.510498,1.008939,1713.953,0.871276,0.005032,-0.176471,10.17097,1.024891
244,340394,6367760.6,6.5,3.462091,32.428307,47,141.766296,2.296747,1752.12817,0.708217,0.066138,-0.12381,11.014682,2.676431
245,340321.3,6367680.7,7.42,4.689468,25.038071,48,136.450699,5.725088,1642.66675,0.186984,0.240548,-0.113402,11.774314,6.305728
246,340288,6367658,6.91,4.451716,20.520264,48,132.663803,5.506212,1629.57947,0.228196,0.236355,-0.157895,12.733744,5.627119
247,340233,6367580.6,6.9,2.830992,12.780365,54,126.732002,2.713025,1700.92078,0.72536,2.278129,-0.222222,14.600966,3.123617
248,340614.2,6367522.4,6.53,5.265843,53.895836,55,161.510498,1.008939,1713.953,0.871276,0.005032,-0.176471,10.17097,1.024891
249,340775.7,6367841.1,4.92,4.029164,40.902046,43,143.653305,4.112856,1689.48584,0.664563,0.451598,-0.384615,9.934639,3.738008
250,340870.6,6367822.7,6.41,5.591019,34.734222,48,136.664703,8.769038,1615.69421,0.384077,0.15815,-0.294118,9.6582,7.002336
251,340976.3,6367829.9,5.59,5.033314,24.67585,61,124.845001,7.774611,1702.34277,0.262363,0.226336,-0.193548,10.79945,6.763611
252,341048,6367798.9,6.03,3.302472,17.531029,61,117.082001,5.104476,1689.56775,0.661525,1.726154,-0.240876,12.892707,4.563764
253,341342.4,6367836.9,6.17,2.380947,11.128487,55,107.149002,1.492188,1706.98328,0.769576,2.920352,-0.131783,15.550681,1.49181
254,341068.3,6367526.4,7.98,3.093346,19.173241,55,120.300797,3.028653,1659.66773,0.478934,1.937731,-0.235772,14.086864,2.85468
255,341440.5,6367677.6,6.57,1.966482,11.277931,64,107.1455,2.074302,1717.35095,0.834308,2.96872,-0.15942,16.572821,2.086898
256,341881.9,6367594.9,6.05,5.766647,25.307831,37,116.875999,7.86377,1669.91663,0.013623,0.373209,-0.1,10.895524,6.5738
257,341952,6367604.9,7.1,4.32175,19.334526,49,110.059998,5.190775,1679.47705,0.312618,0.553018,-0.164835,12.942284,4.585625
258,342026.6,6367567.2,7.82,2.59083,13.618561,47,103.883797,3.488348,1684.7854,0.676307,1.942871,-0.146067,14.748142,3.216096
259,340272.3,6366831.5,5.3,7.988132,71.5737,54,187.410004,7.192086,1842.95337,0.8211,0.005274,-0.193277,8.721397,9.252143
260,340203.7,6366900.3,6.25,8.301124,63.174599,49,180.840302,4.69999,1768.92468,0.793778,0.018329,-0.212121,9.099071,6.987611
261,340116.2,6367041.9,5.75,5.83622,48.251495,53,169.2798,3.275422,1758.93543,0.798233,0.072358,-0.191919,9.4534,4.23391
262,340010.5,6367268.7,4.44,3.760581,35.045715,43,158.930298,2.896891,1761.21094,0.621286,0.129874,-0.370787,10.870277,3.586441
263,339928.8,6367457,5.44,3.932606,27.421906,49,150.430298,0.650799,1706.16675,0.529623,0.038456,-0.178947,12.568719,0.690148
264,339818.8,6367480.7,5.34,4.899387,12.620361,49,138.555801,4.546092,1682.48132,0.61041,0.509646,-0.176471,14.139522,5.441428
265,339712.9,6367489,5.97,2.748777,1.732193,54,130.516998,2.423948,1723.02979,0.929352,2.73198,-0.204082,16.870617,2.883228
266,340473,6366985.6,6,6.810023,53.417778,48,165.494995,15.179913,1562.19922,0.380754,0.030613,-0.339623,9.110393,10.919565
267,340341.4,6366955.7,5.1,8.54932,47.118279,39,162.2043,6.522706,1749.16345,0.319825,0.107656,-0.333333,9.654963,11.425286
268,340355.5,6367015.8,6.49,7.95934,48.0382,43,162.606506,5.849639,1810.9021,0.176101,0.010408,-0.232558,9.030927,10.541409
269,340242.9,6367028.4,5.8,9.145153,36.63047,57,154.127502,11.589671,1786.96973,0.462705,0.04223,-0.191176,10.262708,11.116127
270,340199.9,6367083.2,5.53,8.873513,34.792839,55,152.959,12.040786,1780.07983,0.244308,0.014523,-0.173554,9.776938,11.317421
271,340166.3,6367130.3,5.35,8.391165,36.873505,55,156.408997,13.198919,1757.67957,0.204576,0.020138,-0.182609,9.339143,11.735873
272,340140.2,6367296.3,5.9,8.681162,26.875473,43,146.382507,11.889125,1758.92651,0.035,0.039991,-0.410714,9.810162,10.761852
273,340480.7,6367089.9,6.15,6.797158,59.517838,49,171.440002,3.192216,1766.39111,0.800718,0.012748,-0.242105,9.388816,4.062879
274,340463.2,6367010.9,5.86,6.535236,58.000748,53,170.5298,3.802332,1660.96777,0.726967,0.071243,-0.272727,9.623421,3.449654
275,340501,6366993.8,6.58,7.479144,49.908829,49,161.5233,17.302963,1545.24902,0.009991,0.012835,-0.277311,9.103167,12.122273
276,340561.8,6366992.5,6.35,7.93618,43.680367,49,154.399704,13.757986,1549.75232,0.365404,0.132595,-0.327103,10.218688,10.126941
277,340683.2,6366956.8,6.19,6.121068,34.194992,47,142.877197,9.777254,1577.05847,0.640686,0.61881,-0.39823,12.241555,7.769533
278,340609.5,6366998.9,7.2,6.985128,40.237595,42,150.098801,9.358692,1595.0885,0.493906,0.47959,-0.356322,10.889739,7.416776
279,340737.8,6366939.9,6.68,5.334684,29.978142,44,137.931198,7.042847,1612.58484,0.761594,0.817712,-0.333333,13.72012,5.896437
280,340552.2,6367180.9,5.92,6.172995,59.69725,61,169.914703,4.304579,1761.88477,0.82666,0.037656,-0.183333,9.110943,6.112641
281,340687.1,6367237.4,5.69,7.162228,51.987305,42,159.856293,5.799251,1773.38452,0.726132,0.09015,-0.378641,9.339576,6.017361
282,340753.5,6367305.1,5.99,6.81996,36.332153,64,142.676498,7.349688,1830.98731,0.184786,0.319033,-0.219178,10.231614,9.040484
283,340945.2,6367201.7,6.69,4.527314,36.113159,57,140.422501,5.932343,1616.44141,0.226659,0.490921,-0.230769,11.189763,5.238731
284,341145.9,6367300.3,6.21,4.826184,30.513451,62,131.762497,4.60507,1756.53516,0.442175,0.14519,-0.166667,11.207679,4.754357
285,341243.4,6367296.3,6.57,4.913938,24.022499,49,124.031998,6.010391,1701.35913,0.232371,0.205357,-0.140187,13.236855,5.367867
286,340855.8,6367757,7.04,6.360918,28.446144,46,130.710495,8.439206,1607.0304,0.36873,0.767098,-0.292035,10.850136,6.798345
287,341640.6,6367227.3,9.45,7.955941,44.818855,44,140.612701,2.10477,1742.52185,0.793436,0.004793,-0.134021,9.702553,2.272526
288,341631.2,6367284.8,9.63,4.453067,37.55307,43,133.035004,3.397446,1765.31555,0.625187,0.4661,-0.137255,9.784718,4.407497
289,341615.9,6367305.6,9.39,5.619022,34.933311,43,130.573502,4.203842,1695.12329,0.493332,0.732177,-0.154639,10.216665,5.133562
290,341590,6367346.2,7.53,6.576912,32.71817,40,128.516998,6.794263,1672.84412,0.323085,0.121551,-0.173913,10.441312,9.1506
291,341523,6367316.3,8.17,6.099854,24.172073,37,120.621498,4.623542,1726.85169,0.330533,0.435487,-0.170732,13.1792,6.368462
292,341512.9,6367366.1,8.34,5.194337,21.180984,37,117.684502,2.889691,1724.27344,0.575694,0.62225,-0.131579,14.474395,3.541892
293,341382.9,6367356.2,7.85,2.002984,14.598412,46,112.506699,1.358842,1728.69678,0.874357,2.976653,-0.16129,16.349775,1.522939
294,341583.6,6367046.7,8.89,5.252619,44.647469,37,141.643997,0.445426,1717.29504,0.62062,0.008019,-0.135802,11.62715,0.477378
295,341638,6367099.7,8.15,5.318482,40.184311,53,136.466003,8.785695,1702.33313,0.475909,0.437238,-0.140187,9.582066,7.525959
296,341694.2,6367152.7,7.87,6.870714,34.51886,44,130.085999,11.335675,1651.13428,0.166811,0.119875,-0.145833,9.63375,8.908748
297,341734.2,6367171.1,6.17,6.391509,29.370209,40,124.323196,8.284124,1664.50623,0.104282,0.343943,-0.142857,10.591404,6.842479
298,342376.3,6367129.2,6.58,2.827156,23.341179,52,112.327003,2.326499,1749.0155,0.374271,1.968464,-0.176471,13.683591,2.722743
299,341879.6,6367213.3,5.99,3.657842,17.316017,43,110.565498,2.421835,1743.79529,0.759212,2.602587,-0.152174,14.128217,2.633044
300,341960.9,6367457.5,7.48,3.069433,15.77446,43,107.214996,4.770758,1701.26294,0.705924,1.372754,-0.104478,13.976592,4.369986
301,342427.5,6366855,6.45,2.861876,38.16819,41,127.692703,3.560969,1767.49426,0.760926,0.62342,-0.302326,10.32154,4.027317
302,342427.2,6366931.5,5.78,3.218921,33.268929,36,122.545197,3.341162,1763.85693,0.382319,1.317279,-0.341463,11.32344,3.774294
303,342410.4,6366986.7,5.82,3.07095,31.215828,39,120.533203,3.317507,1748.92407,0.144066,1.569031,-0.364706,11.90279,3.505028
304,342430.9,6367056.9,5.79,2.838798,27.384689,36,116.224998,2.425107,1751.51404,0.017936,1.940082,-0.410256,12.955101,2.777086
305,342356.2,6367331.8,7.42,2.346252,18.760658,44,107.161003,1.249707,1727.97266,0.553457,2.896366,-0.270833,15.268277,1.354224
306,342305.5,6367459.7,8.09,2.736185,16.377365,53,104.6595,3.505978,1755.24609,0.556277,1.535002,-0.12963,14.047459,3.796063
307,340283.2,6366850.5,5.92,7.988132,71.5737,54,187.410004,7.192086,1842.95337,0.8211,0.005274,-0.193277,8.721397,9.252143
308,340205.9,6366884.8,5.93,8.301124,63.174599,49,180.840302,4.69999,1768.92468,0.793778,0.018329,-0.212121,9.099071,6.987611
309,340151.1,6366794.1,6.03,6.805496,60.03054,47,178.168304,4.065152,1693.88684,0.681165,0.073815,-0.263158,9.40091,4.841461
310,340063.8,6366810.4,6.19,5.63662,47.340889,48,167.865997,4.824756,1796.52332,0.35098,0.066985,-0.166667,9.902252,7.272988
311,339990.5,6366824.7,6.13,6.183306,41.375923,57,163.5755,3.377999,1749.90698,0.167089,0.060185,-0.193548,11.32629,4.39041
312,339958.7,6366768.8,6.31,7.199895,39.66378,54,161.594803,5.127498,1647.99976,0.204598,0.076533,-0.196721,12.095961,5.521249
313,339918.6,6366699.3,7.84,4.896682,27.402367,49,149.020203,1.420178,1692.95325,0.924439,2.399889,-0.160714,16.243118,1.501639
314,340919.3,6366482.6,8.95,10.581513,106.189316,53,212.227798,4.235096,1797.09058,0.935266,0.004846,-0.184,9.047778,5.149288
315,340860,6366560.4,7.32,12.649879,83.509979,53,190.121994,7.824986,1882.75378,0.584146,0.000958,-0.196581,9.089789,12.853637
316,340849,6366605.7,6.77,12.068818,75.785675,57,182.367493,7.194217,1855.06311,0.464382,0.002502,-0.186992,9.089845,10.076933
317,340852.5,6366737.7,5.69,7.476205,52.053574,53,158.518799,6.925428,1819.70288,0.242406,0.074389,-0.252033,9.484902,8.185074
318,340780.8,6366772.1,5.67,7.006562,46.657364,37,154.1185,5.115895,1806.97754,0.125659,0.04867,-0.324324,9.893666,7.875962
319,340818.679,6366860.27,5.74,6.696729,34.087746,36,141.067505,6.881498,1849.37024,0.37595,0.046571,-0.438202,11.844429,10.079962
320,340846.888,6366969.41,6.91,6.760605,24.881226,48,131.306702,10.20778,1621.43396,0.798554,0.75659,-0.344538,13.454535,7.967385
321,340927.739,6366483.83,6.39,9.944356,105.468628,54,211.208298,6.00555,1795.77454,0.937459,0.013708,-0.206107,8.908306,6.524099
322,341000.062,6366528.25,7.86,9.814128,91.313385,61,196.118301,10.801886,1818.33984,0.763178,0.002938,-0.173913,8.994411,11.150366
323,340995.685,6366625.78,6.9,11.245749,75.258766,56,180.278503,7.063547,1871.32568,0.417516,0.001881,-0.169492,9.357463,13.187515
324,341065.55,6366706.75,6.57,8.698064,61.990463,55,165.940201,5.718846,1804.26721,0.53448,0.103062,-0.189655,9.667285,6.672802
325,341057.296,6366870.76,5,6.059283,40.947975,56,144.583694,4.942728,1808.22546,0.220614,0.170383,-0.186992,10.319652,6.732887
326,341192.342,6367091.41,5.93,4.007002,18.173248,59,119.577003,0.79158,1714.25842,0.864934,2.616596,-0.185185,16.324417,0.822535
327,340939.944,6366481.81,7.34,9.944356,105.468628,54,211.208298,6.00555,1795.77454,0.937459,0.013708,-0.206107,8.908306,6.524099
328,341106.086,6366456.76,8.06,9.219845,86.158714,53,189.895493,10.694065,1841.33411,0.503137,0.012759,-0.20339,9.490974,11.83437
329,341355.973,6366522.88,8.4,4.766959,58.393936,46,159.298996,3.105745,1740.46265,0.55033,0.102,-0.142857,10.353701,3.171141
330,341589.447,6366678.56,7.77,5.601067,46.962189,55,145.065796,8.980952,1630.96399,0.601361,0.188186,-0.183333,9.556923,7.165228
331,341748.849,6366548.02,5.09,3.913908,22.768509,40,119.509499,5.055874,1628.37659,0.367575,0.618763,-0.311111,12.228954,4.534805
332,342472.255,6366809.11,5.82,2.939503,40.532021,46,130.003296,1.954146,1740.59631,0.829204,0.081908,-0.296703,10.441308,2.123519
333,342502.919,6366765.24,6.38,4.640946,37.061623,46,126.263,10.216599,1615.40833,0.747906,0.155938,-0.269231,9.250342,7.955926
334,342526.941,6366726.8,6.19,4.982195,29.995636,49,119.134804,6.71248,1632.68481,0.295283,0.612985,-0.222222,10.143924,5.606686
335,342487.727,6366543.18,6,2.597641,22.137123,42,112.203499,3.45214,1675.36292,0.277517,0.519012,-0.318681,12.936517,3.160541
336,342522.734,6366402.89,5.81,2.714597,16.1353,47,106.167503,3.529055,1669.3606,0.063772,0.350022,-0.22449,13.741406,3.217757
337,342623.304,6366320.21,6.44,2.065701,10.491608,35,99.837753,2.120988,1688.28455,0.461707,0.708383,-0.417722,14.821777,2.035357
338,342803.669,6366165.59,6.45,1.341101,4.691132,61,92.834251,2.063744,1683.92163,0.725172,2.927033,-0.221374,16.034742,1.980095
339,342511,6366870,5.31,2.686643,37.487602,41,126.377701,3.078206,1758.60669,0.77952,0.253491,-0.372093,10.808945,3.428367
340,342583,6366860,6.05,2.399399,35.708618,41,123.975304,2.629429,1725.92481,0.77433,0.174695,-0.406593,11.14758,2.644022
341,342731,6366780,5.63,2.818869,30.199432,37,117.468803,3.412759,1701.54224,0.739807,0.232588,-0.277108,10.151046,3.211751
342,342857,6366618,6.13,2.840369,23.271828,43,109.983704,2.234567,1673.68665,0.523711,0.096705,-0.290323,11.831315,2.140543
343,342815,6366517,5.95,2.956667,16.438934,47,103.800003,3.522624,1649.64331,0.151138,0.373115,-0.25,12.953692,3.291879
344,342788,6366431,6.28,2.141958,12.469826,41,100.2173,2.841427,1658.797,0.500997,1.040216,-0.333333,13.975232,2.753443
345,342882.832,6366192.36,6.31,1.618209,3.570061,44,90.984001,1.860278,1685.86011,0.673301,2.923894,-0.262136,16.316706,1.798776
346,340915.6,6366491.9,9.05,10.581513,106.189316,53,212.227798,4.235096,1797.09058,0.935266,0.004846,-0.184,9.047778,5.149288
347,341110.5,6366371.8,8.53,6.957123,94.204269,43,198.054306,7.200225,1694.172,0.924173,0.061245,-0.213483,9.14969,6.177834
348,341210.5,6366346.8,8.92,10.254381,78.906631,44,181.707199,15.676012,1638.16834,0.687618,0.004252,-0.306122,9.256364,11.685883
349,341285.5,6366321.8,8.31,10.560123,61.730583,42,163.776505,18.561583,1632.53174,0.300375,0.001525,-0.3125,9.334009,13.570886
350,341360.5,6366271.8,9,10.140916,47.371559,49,148.723007,18.237469,1576.45349,0.00169,0.001292,-0.225225,9.299398,12.823468
351,341485.5,6366271.8,6.64,6.348825,28.555115,54,128.651703,10.215815,1607.89392,0.668131,0.226885,-0.247863,11.199627,7.940442
352,341760.5,6366346.8,9.74,2.529455,14.815033,56,112.061203,3.502386,1681.57617,0.770156,2.577348,-0.276596,14.264801,3.2164
353,341329.106,6367390.45,5.17,2.720927,14.327667,47,112.700996,2.895464,1734.51941,0.846115,2.661607,-0.148936,15.81722,2.973685
354,341206.91,6365377.76,8.83,5.515037,26.455536,59,130.140305,5.628808,1729.30957,0.417437,0.313272,-0.1875,14.014767,5.305258
355,343079.178,6367991.74,8.11,3.826818,18.005623,59,98.013252,5.474511,1651.06885,0.248986,0.658229,-0.19708,11.720504,4.720101
356,342724.937,6367182.05,5.34,3.713486,28.968719,44,114.955002,4.859679,1759.95972,0.544572,0.267053,-0.304348,10.139989,5.059227
357,339578.475,6367586.25,8.81,3.42162,7.826477,49,133.889297,4.335608,1699.34412,0.774439,0.366351,-0.113636,15.4157,3.977945
358,340628.17,6369687.14,8.99,0.753827,2.044685,61,97.592751,0.782957,1717.69165,0.828427,3.946507,-0.149606,18.794922,0.830867
359,341877.627,6365590.36,4.84,2.856401,19.814468,42,117.610703,3.078571,1764.85645,0.007002,1.488355,-0.41573,14.044784,3.67721
360,340559.078,6365489.33,8.45,2.302722,23.574448,53,132.360992,1.84475,1739.62122,0.903339,2.983755,-0.153846,17.098291,2.104028
361,342504.482,6368089.08,5.45,3.640635,27.001617,55,110.451202,3.434765,1701.62537,0.441672,0.570842,-0.155963,11.850569,4.117543
362,342533.697,6366489.18,5.33,2.57089,19.387825,46,109.156799,3.041799,1691.72119,0.137801,1.132517,-0.264368,13.003037,2.853788
363,343420.835,6367884.03,5.29,1.800827,0.620354,56,79.178253,2.281527,1696.48718,0.782909,3.943768,-0.159664,16.951649,2.205659
364,343190.219,6367071.88,5.28,2.859868,14.27182,53,97.463997,4.868416,1661.35571,0.261354,0.395528,-0.211009,13.675426,4.274329
365,339255.643,6368781.02,4.98,4.691563,22.247292,54,139.067703,4.030539,1772.80005,0.057174,0.198545,-0.12963,12.956705,5.586265
366,340507.697,6365772.42,7.06,8.20015,65.441162,55,175.053497,9.547223,1884.31653,0.654336,0.001869,-0.255814,8.598682,13.34916
367,342759.385,6366193.33,7.06,1.276853,5.725876,47,94.261513,1.331187,1687.63538,0.720192,2.930108,-0.236364,16.175625,1.314456
368,340728.254,6369987.09,7.15,0.749949,0.101845,62,94.972,0.56963,1702.30664,0.845882,3.69363,-0.160305,18.244619,0.583159
369,341040.212,6370393.58,4.58,0.618316,10.359741,54,101.833801,0.540133,1699.30273,0.38596,1.778051,-0.192661,17.143982,0.552129
370,339613.515,6367677.76,8.82,4.039464,7.156105,66,131.796997,3.121906,1743.02979,0.791344,0.122733,-0.114504,15.550638,3.24486
371,342389.057,6368574.11,7.76,4.106679,14.840042,52,96.244247,5.791254,1614.57336,0.41813,0.815036,-0.173077,14.588529,5.57928
372,340409,6366457,6.09,6.808073,79.836273,55,192.246506,4.021525,1781.29907,0.7424,0.050838,-0.222222,9.598947,4.565361
373,340551,6366482,6.43,7.198847,68.209633,53,178.668701,8.706181,1833.19067,0.439487,0.072848,-0.182609,9.179065,9.991573
374,340622,6366420,6.71,7.107577,67.470718,56,177.170303,12.435388,1523.13452,0.431199,0.083992,-0.261538,9.109694,9.962601
375,340649,6366374,6.31,10.484759,57.445045,54,166.467697,16.608467,1449.89404,0.117699,0.002819,-0.245902,9.485394,13.326667
376,340670,6366323,6.48,9.191454,47.566238,56,156.531296,12.189123,1527.47656,0.601724,0.118627,-0.235294,10.523226,9.674692
377,340795,6366193,7.43,6.918769,34.53183,57,141.980698,4.859183,1650.66113,0.852075,1.462162,-0.205882,13.499551,4.257904
378,340948,6366004,7.58,3.019687,29.324242,47,134.9198,3.447534,1652.14917,0.859297,1.934003,-0.142857,14.276061,3.354082
379,340917,6366487,8.05,10.581513,106.189316,53,212.227798,4.235096,1797.09058,0.935266,0.004846,-0.184,9.047778,5.149288
380,340799,6366445,6.69,13.066435,97.384995,46,204.639496,11.102307,1546.77026,0.826338,0.000416,-0.178947,8.463613,10.892374
381,340848,6366395,6.26,13.341657,87.784309,44,194.444702,22.196529,1355.93005,0.474518,3.7e-05,-0.213483,8.999,17.984818
382,340852,6366343,6.75,14.884683,74.88102,46,181.542297,17.140568,1436.00208,0.105764,0.000162,-0.216495,9.568842,15.087949
383,340800.902,6366318.13,7.4,14.485963,59.905304,40,167.133804,22.513018,1342.93042,0.290904,2.7e-05,-0.2,9.606116,18.697443
384,340850,6366219,7.4,11.402152,43.772331,46,150.418198,18.187435,1413.80725,0.662093,0.000255,-0.191489,10.302669,15.826365
385,340934,6366020,5.98,3.106072,28.908661,53,134.751694,2.488863,1667.27271,0.85077,2.545725,-0.193277,14.606524,2.401247
386,340911,6366492,8.1,10.581513,106.189316,53,212.227798,4.235096,1797.09058,0.935266,0.004846,-0.184,9.047778,5.149288
387,341132,6366430,8.19,9.084425,87.641525,43,191.1297,9.212729,1813.80664,0.755985,0.014955,-0.204819,9.307662,9.731509
388,341231,6366449,8.76,9.666874,75.429413,57,177.818497,11.352819,1765.9502,0.701995,0.00428,-0.222222,9.08193,10.401362
389,341346,6366538,8.55,4.983826,56.699883,56,157.824005,4.84649,1804.21619,0.343975,0.211284,-0.174603,10.182089,6.161799
390,341449,6366604,8.79,3.551619,54.285095,47,153.8992,2.122593,1731.92664,0.533982,0.090982,-0.176471,10.712481,2.184214
391,341605,6366569,9.36,7.882753,31.975029,57,130.151993,10.005266,1642.38916,0.250808,0.371194,-0.186441,10.730798,7.928135
392,342070,6366390,7.16,2.375266,11.582436,47,105.873703,3.040272,1656.27039,0.788645,2.921211,-0.268817,15.355739,2.949533
393,340939,6366474,9.41,8.297181,106.665482,54,212.420502,1.965223,1726.0155,0.935632,0.006891,-0.189655,9.743478,1.964953
394,341074,6366356,9.11,6.753937,96.326698,43,200.451004,5.144173,1699.1001,0.930874,0.059198,-0.216495,9.192374,4.594914
395,341149,6366301,8.86,9.258307,81.199417,40,184.589798,15.602757,1535.61157,0.673255,0.003648,-0.333333,9.160276,11.191063
396,341146,6366230,8.53,9.505525,74.623062,37,178.326004,11.785448,1545.07739,0.526698,0.017956,-0.308642,9.411428,9.221745
397,341172,6366150,8.82,7.082957,59.137772,59,162.671799,10.756481,1540.62549,0.42627,0.05063,-0.212598,9.455935,9.380767
398,341095,6366079,8.81,8.97677,43.161324,48,147.487,6.237619,1635.745,0.479764,0.685554,-0.25,11.191106,6.872021
399,340948,6366012,8.48,3.019687,29.324242,47,134.9198,3.447534,1652.14917,0.859297,1.934003,-0.142857,14.276061,3.354082
400,340212,6366021,6.76,7.329516,84.154472,55,197.177704,8.52218,1845.38281,0.197451,0.03774,-0.151515,9.404609,10.24668
401,340162,6366096,6.95,7.254566,74.307495,62,188.116806,8.185052,1855.30151,0.27536,0.02031,-0.15625,9.802121,10.587282
402,340137,6366146,6.9,6.570312,66.075699,57,180.360504,6.910252,1840.67273,0.666335,0.190087,-0.168,11.152351,9.09503
403,340087,6366196,6.63,7.752219,62.298759,56,177.341202,11.143864,1794.29663,0.578359,0.058186,-0.19403,10.72173,10.866763
404,340112,6366296,6.5,6.526949,50.646416,44,165.983704,2.881365,1706.41211,0.755677,1.714804,-0.302752,13.56131,3.380682
405,339987,6366421,6.69,5.884914,40.909439,55,158.529007,2.674846,1672.24902,0.798112,2.631059,-0.240876,14.487523,2.784756
406,340112,6365971,6.78,6.814086,95.274658,61,209.015305,6.206224,1833.72839,0.793039,0.077563,-0.2,9.00632,8.108282
407,340286,6365903,6.24,9.422395,87.562675,53,199.470703,14.297542,1621.04919,0.679798,0.006184,-0.206612,8.837495,10.610326
408,340336,6365877,7.2,10.939826,72.242577,54,183.630203,22.576077,1609.09229,0.112486,0.000492,-0.252033,9.34734,15.909937
409,340428,6365832,7.78,9.903197,54.39949,56,164.826797,9.039338,1761.70496,0.724064,0.544407,-0.1875,11.240014,8.52406
410,340554,6365872,6.96,7.224751,45.011215,48,154.343994,6.742684,1828.63525,0.669347,0.527919,-0.111111,11.439265,8.529936
411,341086,6365803,5.49,2.631954,23.294647,49,127.762703,1.030289,1709.68469,0.774558,2.82212,-0.19685,16.209183,1.046711
412,340514,6365765,8.12,8.20015,65.441162,55,175.053497,9.547223,1884.31653,0.654336,0.001869,-0.255814,8.598682,13.34916
413,340589,6365740,7.31,9.047101,64.848434,47,173.764297,6.034931,1713.40186,0.873062,0.016148,-0.333333,8.893987,5.438773
414,340664,6365742,7.59,7.853889,58.514221,49,166.772202,5.820966,1707.90064,0.849352,0.028713,-0.196581,9.005424,5.228049
415,340789,6365767,5.98,7.017335,45.669144,55,152.838699,9.113162,1807.62378,0.58212,0.032555,-0.123077,9.028793,9.611616
416,340914,6365718,6.05,7.452357,35.969948,52,142.009796,8.940461,1656.89563,0.250622,0.027321,-0.253968,11.855197,7.256161
417,341014,6365722,6.38,3.676834,26.24321,54,131.402802,4.980763,1697.0321,0.614013,0.182437,-0.230769,14.77046,4.499417
418,341215,6365565,7.72,1.843824,16.985794,43,120.505798,1.273662,1687.75769,0.816678,2.990579,-0.339623,17.93235,1.267027
419,341169,6366031,9.25,7.177464,57.644897,53,161.260498,4.128743,1777.06812,0.784462,0.015136,-0.265625,9.517021,5.784624
420,341274,6366008,8.47,7.002929,48.539993,53,150.968002,9.757171,1737.55237,0.767144,0.047598,-0.215385,9.35996,8.707135
421,341599,6366008,5.27,3.573061,32.352715,47,131.713196,2.881467,1731.15735,0.625331,0.089061,-0.283019,10.871156,2.911543
422,341771,6365981,5.1,2.923636,25.177246,53,123.205704,4.895103,1636.3468,0.395152,0.614374,-0.222222,11.169482,4.340465
423,341850,6365881,5.6,3.200136,18.249496,53,115.591003,4.674673,1640.44605,0.113539,0.927081,-0.225225,12.344101,4.154803
424,342057,6365821,5.47,2.132986,10.114449,47,105.851997,2.675505,1671.49658,0.538597,2.714942,-0.318681,14.517178,2.512039
425,341183,6366025,7.83,7.193591,58.709572,46,162.1017,2.910701,1686.73462,0.837223,0.006299,-0.192982,9.867415,2.713723
426,341411,6365873,6,2.43724,41.480141,37,142.9272,1.698913,1682.40027,0.720716,0.076298,-0.35,12.551395,1.677717
427,341332,6366046,7.44,7.544397,39.576096,48,141.494003,9.576511,1782.18652,0.186735,0.156036,-0.25,9.989059,9.409945
428,341414,6365823,5.09,3.605243,39.889793,36,141.4048,2.357621,1672.01172,0.702982,0.126526,-0.428571,12.646916,2.275225
429,341485,6365753,5.27,3.830791,32.025719,29,132.9823,5.953207,1627.72693,0.380744,0.279236,-0.428571,13.787472,5.105477
430,341462,6365525,6.56,1.915793,24.035339,54,125.538498,1.80323,1683.45679,0.202919,1.409513,-0.206897,16.119774,1.867401
431,341388,6365444,7.15,3.048819,16.878075,54,119.095703,5.376278,1634.43164,0.688266,1.33414,-0.311475,16.421965,5.591411
432,340492,6364996,7.72,7.648862,76.085716,57,184.841003,9.354456,1839.90076,0.794272,0.006408,-0.22449,8.665704,10.750896
433,340486,6365016,5.92,7.881851,71.40564,55,180.185196,9.517974,1845.13892,0.690431,0.009906,-0.132353,8.998396,11.112917
434,340464,6365085,5.42,7.276605,63.253777,67,172.270493,5.415566,1798.2406,0.651971,0.09155,-0.216216,9.394313,6.248888
435,340434,6365187,5.57,5.729701,50.282463,40,159.584198,4.838033,1805.11731,0.392959,0.317314,-0.375,10.290548,6.813873
436,340437,6365235,5.61,5.789102,45.082207,39,154.450699,4.557916,1796.56397,0.206877,0.391716,-0.270588,11.605536,6.374682
437,340388.253,6365309.76,5.53,5.807287,34.950455,56,144.774994,4.716764,1800.67664,0.611433,0.235109,-0.222222,14.063219,6.408885
438,340313.253,6365309.76,7.39,5.536157,28.106758,47,138.449799,3.83531,1754.4104,0.885041,0.903001,-0.226415,15.6879,5.214718
439,340483,6364993,8.29,7.648862,76.085716,57,184.841003,9.354456,1839.90076,0.794272,0.006408,-0.22449,8.665704,10.750896
440,340384,6365020,5.57,8.450562,72.700928,39,182.098007,4.710005,1798.37866,0.834668,0.021972,-0.326087,8.875753,6.936868
441,340335,6364997,5.53,8.656705,67.030029,42,176.696701,7.679721,1637.95178,0.677649,0.005114,-0.228916,8.861307,9.457246
442,340284,6365047,5.54,7.958213,55.548363,42,165.588501,6.060133,1786.4314,0.317178,0.015346,-0.388235,9.404748,11.195131
443,340238,6365081,5.88,8.973825,42.53978,56,152.966003,5.932335,1768.25671,0.372764,0.029388,-0.171171,11.367693,10.383548
444,340211,6365099,5.38,8.103771,38.574608,61,149.153,6.414736,1792.79968,0.75986,0.008987,-0.193277,13.173871,12.989082
445,340196,6365131,5.15,7.619373,29.235611,37,140.060501,1.381256,1729.91675,0.91598,1.93227,-0.428571,16.629539,1.536688
446,340721.06,6365018.1,5.15,8.394805,74.910454,41,182.258804,3.727772,1785.09143,0.823824,0.007417,-0.25,9.137,4.59664
447,340739,6365086,5.43,9.11721,60.173393,36,167.383301,5.787687,1824.68091,0.175816,0.1971,-0.364706,10.288233,9.874372
448,340735,6365116,5.95,8.637692,57.802528,35,165.021301,5.496869,1757.8468,0.135537,0.473006,-0.375,10.574609,8.746275
449,340669,6365218,5.14,6.141325,43.253426,43,151.040497,5.43711,1713.8363,0.455705,0.538006,-0.326087,11.337731,7.652082
450,340599,6365250,5.91,5.40694,38.394859,48,146.551498,3.567284,1771.22717,0.660595,1.373051,-0.225225,12.706156,4.655733
451,340673,6365443,5.86,3.930156,27.104019,49,134.8703,4.079091,1779.87036,0.745996,0.489845,-0.20339,15.339082,4.808691
452,340696.06,6365568.1,6.96,7.016022,21.12355,43,128.994293,0.913754,1701.2074,0.923408,1.982328,-0.222222,17.76965,0.920588
453,340837,6365100,5.26,6.482784,75.616478,48,182.150803,3.313511,1743.44434,0.879902,0.053971,-0.236364,9.47328,4.243038
454,340831,6365192,6.69,7.004531,61.191414,42,167.735306,5.779749,1829.0835,0.65132,0.111814,-0.081081,9.58106,8.13625
455,340807,6365241,5.62,5.858464,55.122009,47,161.853806,4.499897,1799.64905,0.522408,0.290642,-0.193548,9.945193,5.909865
456,340779,6365348,5.23,8.379889,42.354736,46,149.301498,7.573936,1873.56824,0.081895,0.005169,-0.355932,9.6092,12.854052
457,340757,6365371,5.54,7.971373,34.954765,49,142.100494,7.992149,1866.54492,0.180795,0.025673,-0.275862,11.356912,11.756063
458,340676,6365415,6.13,4.537929,29.29184,46,137.038803,4.125774,1785.83728,0.623092,0.315279,-0.254545,14.750118,5.116525
459,340605,6365542,7.54,5.282622,22.32196,52,130.773697,1.611537,1718.54504,0.928106,1.980712,-0.189655,17.395092,1.64325
460,340964,6365162,8.08,6.940742,61.4104,55,167.068802,7.534061,1793.81897,0.683247,0.067301,-0.183333,9.545971,7.903275
461,341042,6365194,7.87,6.915595,53.469978,55,158.582504,8.252072,1804.85742,0.538267,0.047282,-0.140496,9.550737,8.80283
462,341089,6365264,6.99,6.152233,40.786911,55,145.4953,8.044381,1736.28894,0.137268,0.598127,-0.169231,11.250375,7.34317
463,341188,6365289,8.52,5.444488,30.435463,52,134.374802,6.36674,1754.21765,0.428004,0.743487,-0.189655,12.188928,6.239175
464,341339,6365289,5.1,6.211256,22.48465,49,125.282204,11.719329,1776.56763,0.509648,0.017209,-0.283019,13.827734,11.055171
465,341439,6365239,6.44,5.465148,12.023315,54,114.127502,1.725424,1683.12647,0.825316,2.479048,-0.235772,17.798281,1.677924
466,340840,6365094,7.11,6.482784,75.616478,48,182.150803,3.313511,1743.44434,0.879902,0.053971,-0.236364,9.47328,4.243038
467,340925,6365186,8.9,6.987619,60.04686,55,165.878494,8.538498,1836.89917,0.650313,0.035324,-0.136,9.313507,10.068181
468,340970,6365222,7.15,6.158079,54.994919,59,160.6418,5.954566,1802.01379,0.51578,0.228671,-0.147287,9.930323,6.814978
469,340949,6365393,7.93,9.623099,37.186943,52,142.804504,9.757267,1909.7721,0.080408,0.000177,-0.28125,10.102344,16.698708
470,340914,6365422,6.11,9.203494,29.195572,53,135.201508,7.961476,1868.59204,0.489047,0.007418,-0.163934,13.2512,11.990794
471,340868,6365469,6.14,5.034899,22.808212,37,129.214798,3.263587,1766.44983,0.864991,0.849127,-0.133333,16.130806,3.792949
472,340946,6365566,8.29,3.029757,18.787575,48,124.598503,1.510712,1719.29578,0.927285,2.971096,-0.188119,17.622549,1.549155
473,340945,6365159,8.01,7.346509,63.840393,53,169.676193,8.228645,1810.87659,0.730398,0.023752,-0.154472,9.238688,8.920427
474,340974,6365233,6.84,5.362072,51.406204,54,156.8647,5.999009,1764.92993,0.382201,0.467287,-0.1875,10.27146,6.048
475,341067,6365361,8.91,9.28664,43.7201,49,148.569702,7.389492,1799.20972,0.585755,0.014906,-0.174603,9.180481,7.968558
476,341147,6365391,8.97,8.348337,34.503487,53,138.755798,10.546369,1821.03381,0.299556,0.001965,-0.179487,11.194176,11.241886
477,341228,6365431,8.42,4.493814,20.517662,57,123.939301,6.125669,1804.57593,0.765096,0.160493,-0.19403,15.601542,7.181897
478,341323,6365438,8.54,3.819039,14.550583,41,117.170197,2.241277,1680.10986,0.790675,2.970357,-0.372093,17.620558,2.135357
479,340825,6365081,6.01,6.482784,75.616478,48,182.150803,3.313511,1743.44434,0.879902,0.053971,-0.236364,9.47328,4.243038
480,340965,6365104,7.02,7.148593,65.406311,55,171.077698,9.112893,1764.19653,0.807375,0.0564,-0.196721,9.250132,8.593941
481,341040,6365080,7.15,9.037074,57.042343,53,162.201797,11.633047,1620.28076,0.691172,0.028787,-0.20339,9.206938,8.89074
482,341062,6365056,7.9,9.204115,50.337585,56,155.337494,17.756165,1523.46484,0.489711,0.002467,-0.222222,9.127787,12.368155
483,341162,6365081,8.05,7.750737,35.259705,48,139.546005,12.806134,1636.02087,0.150778,0.060197,-0.211538,9.845527,9.786206
484,341305,6365103,7.54,3.696095,23.923996,49,127.149696,4.937273,1667.00501,0.197416,0.436988,-0.2,13.565411,4.333105
485,341424,6365006,7.7,5.119138,10.119049,50,112.566704,6.132349,1658.47144,0.851081,0.956394,-0.192661,15.93146,5.228554
486,340438,6364852,6.2,9.671869,82.269859,53,191.178299,1.567914,1729.68152,0.852134,0.013611,-0.234783,10.013323,1.615834
487,340496,6364851,6.95,9.707562,73.828003,52,182.449493,20.067949,1623.63013,0.716053,0.00064,-0.232,8.636006,14.431437
488,340539,6364802,6.36,9.652514,62.431137,53,170.729004,11.720231,1661.66309,0.542416,0.006839,-0.203252,9.051636,9.227539
489,340588,6364800,6.1,8.794482,54.450241,61,162.462204,11.23994,1730.5592,0.277709,0.012926,-0.188406,9.119298,9.727429
490,340639,6364850,5.5,9.85575,42.846313,61,150.5905,10.434264,1644.08545,0.705593,0.664388,-0.191176,11.706469,8.22566
491,340716,6364777,7.24,7.000001,32.824875,55,140.106201,7.316361,1718.85425,0.654502,0.761055,-0.19403,12.00037,6.561921
492,340848,6364681,8.17,3.823152,21.315483,49,127.733704,3.220118,1687.68555,0.866907,2.806493,-0.234375,15.532696,2.991323
493,340986,6364421,8.23,1.109026,47.181808,48,153.050507,0.902228,1722.79297,0.645583,0.043163,-0.185185,11.817113,0.94639
494,341092,6364541,7.05,5.210217,39.29277,52,144.528702,5.537592,1790.8125,0.571096,0.182806,-0.168142,10.080654,6.22005
495,341095,6364591,5.47,5.344858,34.115128,54,139.306702,4.84286,1801.4165,0.259365,0.255706,-0.192661,10.855255,6.158067
496,341143,6364641,4.15,4.584652,29.233269,53,134.090805,4.241388,1786.03589,0.118832,0.343452,-0.153153,12.02821,5.116242
497,341143,6364716,5.75,4.727353,21.75795,54,126.542801,4.663246,1799.28919,0.584511,0.408831,-0.171171,13.716953,6.234081
498,341142,6364766,6.17,3.771146,17.091003,55,121.828796,3.719733,1774.13818,0.83509,1.583791,-0.157895,15.16819,4.883908
499,341117,6364816,6.93,6.875091,14.550224,54,119.399002,4.719199,1648.69873,0.858803,1.552601,-0.189655,15.481086,4.155809
500,341176,6364550,5.89,4.592777,33.574471,53,138.252701,4.387832,1740.20007,0.378691,0.343166,-0.163934,10.531365,4.345201
501,341299,6364532,7.15,5.645596,19.046783,46,123.016701,9.113544,1685.75305,0.464276,0.632383,-0.22449,11.917994,7.622846
502,341712,6364808,6.93,2.154864,5.934402,59,106.867798,2.779326,1712.19067,0.854639,2.668611,-0.223881,17.102402,2.710714
503,340277,6365902,6.34,9.422395,87.562675,53,199.470703,14.297542,1621.04919,0.679798,0.006184,-0.206612,8.837495,10.610326
504,341055,6364491,8.68,4.366964,44.552292,54,149.968506,4.367303,1760.5033,0.729252,0.262624,-0.171171,10.18449,4.57061
505,340439,6365235,5.21,5.789102,45.082207,39,154.450699,4.557916,1796.56397,0.206877,0.391716,-0.270588,11.605536,6.374682
506,340598,6365526,7.17,2.870772,22.825531,54,131.249298,2.401155,1744.3418,0.912197,2.955178,-0.172414,16.94504,2.604899
