"id","pH60_100cm","x","y","AACN","Elevation","Hillshading","Landsat_Band1","Light_insolation","Mid_Slope_Positon","MRVBF","NDVI","Slope","Terrain_Ruggedness_Index","TWI","residual","looResiduals"
415,5.98,340789,6365767,45.6691436767578,152.83869934082,9.11316204071045,55,1807.62377929688,0.582120001316071,0.0325549989938736,-0.123076997697353,9.61161613464355,7.01733493804932,9.02879333496094,-0.582477999999971,-1.61288951362405
463,8.52,341188,6365289,30.4354629516602,134.374801635742,6.36674022674561,52,1754.21765136719,0.428003996610641,0.743487000465393,-0.189655005931854,6.23917484283447,5.44448804855347,12.1889276504517,0.871575499999967,1.72617117246908
179,4.53,340739.905,6368118.12,27.7237319946289,129.116500854492,6.9754490852356,40,1822.09155273438,0.142189994454384,0.216910004615784,-0.333332985639572,8.45641326904297,5.41113090515137,10.2845697402954,-0.695750666666677,-1.31290239225782
14,3.92,341404.743,6368916.81,12.7081298828125,101.50350189209,4.41716384887695,48,1774.62438964844,0.358177989721298,0.702202022075653,-0.346154004335403,4.99281406402588,4.38725900650024,14.0035381317139,-0.772621166666684,-1.59263985899995
195,6.97,339384.656,6367401.79,29.0764312744141,156.793502807617,6.0319561958313,49,1834.55725097656,0.672058999538422,0.175424993038177,-0.132074996829033,8.73716163635254,7.05259704589844,11.63525390625,0.128388000000001,0.595543302911005
426,6,341411,6365873,41.4801406860352,142.927200317383,1.6989129781723,37,1682.40026855469,0.720715999603271,0.0762979984283447,-0.349999994039536,1.67771697044373,2.4372398853302,12.5513954162598,0.02452233333333,-0.302831750149938
306,8.09,342305.5,6367459.7,16.3773651123047,104.65950012207,3.50597810745239,53,1755.24609375,0.556276977062225,1.53500199317932,-0.129629999399185,3.79606294631958,2.73618507385254,14.0474586486816,0.711814499999987,1.21744052647129
118,9.03,341736.566,6370066.2,2.96150994300842,84.916748046875,0.991310000419617,57,1687.92700195312,0.889883995056152,3.84664988517761,-0.16949200630188,0.998426020145416,0.760544002056122,18.4474678039551,0.918994833333342,2.2508809203168
299,5.99,341879.6,6367213.3,17.3160171508789,110.565498352051,2.42183494567871,43,1743.79528808594,0.759212017059326,2.6025869846344,-0.15217399597168,2.63304400444031,3.65784192085266,14.1282167434692,-0.43995133333331,-1.11638183856635
229,5.77,342583.3,6367894.4,27.5583572387695,111.544296264648,3.2097430229187,53,1731.37048339844,0.292441010475159,1.49907803535461,-0.192661002278328,4.05468797683716,3.02152299880981,11.6636419296265,0.029961166666653,-0.0296165112616702
244,6.5,340394,6367760.6,32.4283065795898,141.766296386719,2.29674696922302,47,1752.12817382812,0.708217024803162,0.0661379992961884,-0.12381000071764,2.67643094062805,3.46209096908569,11.0146818161011,0.184656333333341,0.458087860075815
503,6.34,340277,6365902,87.5626754760742,199.470703125,14.2975416183472,53,1621.04919433594,0.679798007011414,0.00618400005623698,-0.206612005829811,10.6103258132935,9.42239475250244,8.83749485015869,-0.161129499999998,-0.296956561270163
374,6.71,340622,6366420,67.4707183837891,177.170303344727,12.4353876113892,56,1523.13452148438,0.431199014186859,0.0839919969439507,-0.261537998914719,9.96260070800781,7.10757684707642,9.10969352722168,-0.108084119047617,-0.0151908572889461
153,5.04,339293.202,6368719.91,25.1378555297852,141.960296630859,1.20629501342773,47,1730.40405273438,0.132095992565155,0.0950260013341904,-0.297872006893158,1.29773497581482,2.51471209526062,13.3900213241577,-0.295006333333326,-0.49753674288792
90,6.5,340636.592,6369973,0.0448909997940063,96.0127487182617,0.499339014291763,59,1705.44482421875,0.847576022148132,3.69560503959656,-0.15447199344635,0.515017986297607,0.582360982894897,18.4545650482178,-0.0656923333333337,-0.317071720879597
91,7.16,340688.551,6369991.68,0.0798339992761612,95.5559997558594,0.795772016048431,64,1699.35522460938,0.847361981868744,3.61827802658081,-0.151515007019043,0.805320978164673,0.688947021961212,18.16823387146,0.0244665000000071,0.0122423182512268
256,6.05,341881.9,6367594.9,25.3078308105469,116.875999450684,7.86377000808716,37,1669.91662597656,0.0136230001226068,0.373208999633789,-0.100000001490116,6.5738000869751,5.76664686203003,10.8955240249634,-0.245124166666672,-1.03554841208932
197,3,339563.495,6367297.66,16.2353057861328,146.598297119141,5.89729785919189,55,1757.9013671875,0.561387002468109,0.571936011314392,-0.100775003433228,5.87408494949341,5.84729719161987,12.6855039596558,-1.70141883333333,-3.75134936072458
491,7.24,340716,6364777,32.8248748779297,140.106201171875,7.31636095046997,55,1718.85424804688,0.654501974582672,0.761054992675781,-0.194030001759529,6.56192111968994,7.00000095367432,12.0003700256348,0.0544660000000112,0.341371175298444
441,5.53,340335,6364997,67.030029296875,176.696701049805,7.67972087860107,42,1637.95178222656,0.677649021148682,0.00511399982497096,-0.228916004300117,9.45724582672119,8.65670490264893,8.86130714416504,-0.735664000000001,-1.26820489000905
348,8.92,341210.5,6366346.8,78.9066314697266,181.70719909668,15.6760120391846,44,1638.16833496094,0.687618017196655,0.0042519997805357,-0.306122004985809,11.6858825683594,10.2543811798096,9.25636386871338,0.497932666666662,0.637924953444839
137,8.18,339772.376,6368198.65,5.32566118240356,119.290702819824,2.7511100769043,46,1724.14855957031,0.804349005222321,1.5091290473938,-0.200000002980232,3.33924794197083,2.66487407684326,16.4032154083252,1.06538966666665,2.31302171016136
477,8.42,341228,6365431,20.5176620483398,123.939300537109,6.12566900253296,57,1804.57592773438,0.765096008777618,0.16049300134182,-0.194030001759529,7.18189716339111,4.49381399154663,15.6015424728394,1.11765149999999,2.28026337323911
355,8.11,343079.178,6367991.74,18.0056228637695,98.0132522583008,5.47451114654541,59,1651.06884765625,0.248986005783081,0.658228993415833,-0.197080001235008,4.72010087966919,3.82681798934937,11.7205038070679,0.956980333333357,2.42292531275434
328,8.06,341106.086,6366456.76,86.1587142944336,189.895492553711,10.6940650939941,53,1841.33410644531,0.503136992454529,0.0127590000629425,-0.203390002250671,11.8343696594238,9.21984481811523,9.49097442626953,0.383977404761885,0.561039038525871
26,6.76,339305.433,6370100.81,35.4371185302734,148.203994750977,11.7105417251587,55,1635.16467285156,0.8281289935112,0.0280419997870922,-0.206897005438805,9.03367233276367,5.10880279541016,8.85485744476318,-0.105562619047642,-0.218764881714168
7,4.95,340667.027,6368644.38,4.56700086593628,103.721496582031,3.67961502075195,47,1761.49108886719,0.833279013633728,0.201141998171806,-0.235293999314308,4.92948198318481,3.51703596115112,16.5131778717041,-0.582362499999991,-1.32755850354176
501,7.15,341299,6364532,19.0467834472656,123.016700744629,9.11354446411133,46,1685.75305175781,0.464275985956192,0.632382988929749,-0.224490001797676,7.6228461265564,5.64559602737427,11.9179935455322,0.264202000000012,0.651724839377477
485,7.7,341424,6365006,10.1190490722656,112.566703796387,6.13234901428223,50,1658.47143554688,0.851081013679504,0.956394016742706,-0.192661002278328,5.22855377197266,5.11913776397705,15.9314603805542,0.420294000000013,0.781958510397343
254,7.98,341068.3,6367526.4,19.1732406616211,120.300796508789,3.02865290641785,55,1659.66772460938,0.478933990001678,1.93773102760315,-0.235771998763084,2.85468006134033,3.093346118927,14.0868644714355,0.811959666666697,1.8999988656925
211,6.75,341616.1,6368228.34,15.4002084732056,106.094497680664,6.07893705368042,61,1621.27136230469,0.407288998365402,0.886806011199951,-0.205881997942924,5.21059703826904,3.92212009429932,14.0715637207031,0.125813666666666,0.444579656861988
420,8.47,341274,6366008,48.5399932861328,150.968002319336,9.75717067718506,53,1737.55236816406,0.767144024372101,0.0475980006158352,-0.215385004878044,8.70713520050049,7.00292921066284,9.35995960235596,0.474311499999992,0.758626066340252
78,5.5,340311.646,6369557.84,2.4029688835144,101.479202270508,0.569316983222961,60,1705.41015625,0.848137974739075,3.95708298683167,-0.174603000283241,0.585003018379211,0.526027977466583,19.4557151794434,-0.612192833333327,-1.24527668126879
81,6.91,339379.437,6369565.37,2.29051208496094,111.890701293945,4.74620580673218,56,1678.87658691406,0.908895015716553,0.593380987644196,-0.176470994949341,4.22648191452026,3.01072907447815,17.21213722229,-0.0395022380952179,0.118464766884568
43,5.1,340984.8,6368240.5,28.8324203491211,126.43229675293,5.82811307907104,52,1796.99780273438,0.0275270007550716,0.477194011211395,-0.238938003778458,6.68470096588135,4.545334815979,10.7626209259033,-0.362229000000005,-0.575952279937077
359,4.84,341877.627,6365590.36,19.8144683837891,117.610702514648,3.0785710811615,42,1764.8564453125,0.00700200023129582,1.48835504055023,-0.415729999542236,3.67721009254456,2.85640096664429,14.0447835922241,-0.448995000000034,-0.988534986082735
373,6.43,340551,6366482,68.2096328735352,178.668701171875,8.70618057250977,53,1833.19067382812,0.439487010240555,0.0728479996323586,-0.182609006762505,9.99157333374023,7.1988468170166,9.17906475067139,-0.290293333333341,-0.421945940862245
332,5.82,342472.255,6366809.11,40.5320205688477,130.003295898438,1.954146027565,46,1740.59631347656,0.829204022884369,0.0819080024957657,-0.296703010797501,2.12351894378662,2.93950295448303,10.4413080215454,-0.0444868333333259,-0.113102604466556
143,7.5,339288.804,6370121.69,38.3383712768555,151.447998046875,3.05465197563171,54,1700.42443847656,0.849489986896515,0.0378840006887913,-0.166666999459267,2.8784511089325,6.0886402130127,9.7071361541748,0.272464166666664,0.682708294236862
32,5.51,338731.467,6369890.98,38.0064468383789,157.994201660156,10.965970993042,43,1537.13061523438,0.635285973548889,0.0321189984679222,-0.184211000800133,9.50745105743408,7.61840915679932,9.17058086395264,-0.753523166666689,-1.6079263024384
109,7.26,341364.05,6370013.83,1.92623901367188,88.6632537841797,0.804921984672546,59,1701.71838378906,0.877376019954681,3.72516798973083,-0.174603000283241,0.817514002323151,0.796584010124207,18.3938636779785,0.113253999999991,0.252960283723717
263,5.44,339928.8,6367457,27.4219055175781,150.430297851562,0.650798976421356,49,1706.16674804688,0.529622972011566,0.0384560003876686,-0.178947001695633,0.690147995948792,3.93260598182678,12.5687189102173,-0.242208166666658,-0.409405870466221
393,9.41,340939,6366474,106.665481567383,212.420501708984,1.96522295475006,54,1726.01550292969,0.935631990432739,0.00689100008457899,-0.189655005931854,1.96495294570923,8.29718112945557,9.7434778213501,0.87155607142858,1.77756141948014
425,7.83,341183,6366025,58.7095718383789,162.101699829102,2.91070103645325,46,1686.73461914062,0.837222993373871,0.0062989997677505,-0.192982003092766,2.71372294425964,7.19359111785889,9.86741542816162,0.327174000000008,0.296957887100067
330,7.77,341589.447,6366678.56,46.9621887207031,145.065795898438,8.98095226287842,55,1630.96398925781,0.601360976696014,0.188186004757881,-0.183332994580269,7.16522789001465,5.60106706619263,9.55692291259766,0.370916166666627,0.600332367945895
23,7.45,342042.942,6368878.23,2.2322850227356,84.2304992675781,4.51067495346069,46,1720.6552734375,0.834731996059418,1.17695796489716,-0.247059002518654,4.32148694992065,3.2197151184082,16.6903705596924,0.354440000000018,1.06489208926286
411,5.49,341086,6365803,23.2946472167969,127.762702941895,1.03028905391693,49,1709.68469238281,0.774558007717133,2.82211995124817,-0.196850001811981,1.04671096801758,2.63195395469666,16.2091827392578,-0.457586999999975,-1.32480960087344
444,5.38,340211,6365099,38.5746078491211,149.15299987793,6.41473579406738,61,1792.79968261719,0.759859979152679,0.00898700021207333,-0.19327700138092,12.9890823364258,8.1037712097168,13.1738710403442,-0.547003666666675,-1.03058139542615
309,6.03,340151.1,6366794.1,60.0305404663086,178.168304443359,4.06515216827393,47,1693.88684082031,0.681164979934692,0.0738150030374527,-0.263157993555069,4.84146118164062,6.80549621582031,9.40091037750244,-0.240379999999994,-0.291029647373909
135,6.35,339068.6,6368478.25,18.1407470703125,139.857299804688,2.85692405700684,56,1703.22277832031,0.592640995979309,1.79799795150757,-0.225225001573563,3.31530594825745,4.21828889846802,14.0871019363403,0.0621140000000029,0.402989006108627
458,6.13,340676,6365415,29.2918395996094,137.038803100586,4.12577390670776,46,1785.83728027344,0.623091995716095,0.315279006958008,-0.254545003175735,5.11652517318726,4.53792905807495,14.7501182556152,0.147597999999983,0.456998215142367
460,8.08,340964,6365162,61.410400390625,167.068801879883,7.53406095504761,55,1793.81896972656,0.683247029781342,0.0673009976744652,-0.183332994580269,7.90327501296997,6.94074201583862,9.54597091674805,0.537340166666674,1.08123097995858
224,8.6,341964.4,6367941.1,21.0508193969727,110.061996459961,3.97694706916809,44,1776.98754882812,0.330648988485336,0.18741799890995,-0.119999997317791,4.6845531463623,4.55074596405029,12.8226718902588,0.939880166666644,1.38590222391044
166,4.2,339990.998,6368718.01,2.81898498535156,109.520797729492,0.818158984184265,56,1705.08447265625,0.783432006835938,2.90425992012024,-0.172414004802704,0.831821978092194,1.67562794685364,17.0737247467041,-0.908913333333304,-1.94877661780008
217,6.12,341173.4,6368210.1,37.1460876464844,132.608505249023,2.1636860370636,49,1748.7041015625,0.724291026592255,0.338667005300522,-0.284404009580612,2.45778799057007,2.37894701957703,10.8609142303467,0.226968666666671,0.862179289445637
290,7.53,341590,6367346.2,32.7181701660156,128.516998291016,6.79426288604736,40,1672.84411621094,0.323085010051727,0.121550999581814,-0.17391300201416,9.15060043334961,6.57691192626953,10.4413118362427,0.418320000000013,0.565500240324806
69,4.93,339987.205,6370014.88,4.46183013916016,109.084999084473,1.74708104133606,59,1686.4619140625,0.660869002342224,1.65820300579071,-0.169230997562408,1.69579195976257,2.28187203407288,16.5265789031982,-0.278892333333336,-0.532671128982521
72,6.51,339364.121,6370261.81,23.6647491455078,136.282699584961,7.8329758644104,64,1727.74243164062,0.0656929984688759,0.216300994157791,-0.166666999459267,7.07639598846436,5.61871719360352,11.3010501861572,0.131699999999991,0.259512895049475
76,8.66,341409.8,6366490.5,54.6416549682617,155.066299438477,7.42031908035278,42,1660.1806640625,0.627429008483887,0.331588000059128,-0.191010996699333,6.16923379898071,5.64593505859375,9.79607009887695,0.756677452380962,1.2984394247363
63,5.58,339324.692,6370090.42,30.6088790893555,143.089004516602,10.931661605835,60,1662.95678710938,0.767334997653961,0.226658001542091,-0.166666999459267,8.71421432495117,4.2194390296936,9.44338989257812,-0.330813333333324,-0.72705109254306
141,5.99,339758.081,6368115.57,4.75286912918091,119.862503051758,2.67933297157288,53,1756.30969238281,0.793265998363495,1.65482604503632,-0.12244900316,3.08781290054321,3.09924411773682,16.0856800079346,-0.198213333333308,-0.666473144249272
210,6.58,339211.538,6369180.69,0.230315998196602,114.461303710938,1.32122099399567,62,1725.44152832031,0.932731986045837,2.92656207084656,-0.15625,1.39747405052185,2.00775003433228,18.1109180450439,-0.170689999999989,-0.533703036231312
353,5.17,341329.106,6367390.45,14.3276672363281,112.700996398926,2.89546394348145,47,1734.51940917969,0.846114993095398,2.66160702705383,-0.148936003446579,2.97368502616882,2.72092700004578,15.8172197341919,-0.895275000000008,-2.34114560254409
347,8.53,341110.5,6366371.8,94.2042694091797,198.054306030273,7.20022487640381,43,1694.17199707031,0.92417299747467,0.0612450018525124,-0.2134830057621,6.17783403396606,6.95712280273438,9.14968967437744,0.349935357142863,0.412951403675915
493,8.23,340986,6364421,47.1818084716797,153.050506591797,0.902227997779846,48,1722.79296875,0.645582973957062,0.043163001537323,-0.185185000300407,0.946389973163605,1.1090259552002,11.8171129226685,0.879979500000051,2.04908374348379
294,8.89,341583.6,6367046.7,44.6474685668945,141.643997192383,0.445425987243652,37,1717.29504394531,0.620620012283325,0.00801900029182434,-0.135802000761032,0.477378010749817,5.25261878967285,11.6271495819092,0.632655333333309,1.31899412520869
277,6.19,340683.2,6366956.8,34.1949920654297,142.877197265625,9.77725410461426,47,1577.05847167969,0.640685975551605,0.618809998035431,-0.398229986429214,7.76953315734863,6.12106800079346,12.2415552139282,-0.22084783333332,-0.19366754188707
41,8.83,339034.49,6369364.63,4.8891749382019,121.375,2.14754509925842,55,1708.35314941406,0.90820699930191,1.86960303783417,-0.236641004681587,2.10781908035278,2.40782189369202,16.7971801757812,1.01509633333334,2.53062180188763
431,7.15,341388,6365444,16.8780746459961,119.095703125,5.37627792358398,54,1634.431640625,0.688265979290009,1.33413994312286,-0.31147500872612,5.59141111373901,3.04881906509399,16.4219646453857,0.313498000000019,0.484871716857093
492,8.17,340848,6364681,21.3154830932617,127.733703613281,3.22011804580688,49,1687.685546875,0.866907000541687,2.80649304389954,-0.234375,2.99132299423218,3.8231520652771,15.5326957702637,0.553222333333331,1.31273991107511
316,6.77,340849,6366605.7,75.7856750488281,182.367492675781,7.19421720504761,57,1855.06311035156,0.464381992816925,0.00250199995934963,-0.186992004513741,10.0769329071045,12.0688180923462,9.08984470367432,-0.147773333333347,-0.269908526622393
223,9.11,341922.9,6367902.7,25.806282043457,115.331298828125,5.02008199691772,42,1797.41857910156,0.609161972999573,0.091450996696949,-0.0967739969491959,6.14465808868408,5.06517791748047,11.5089349746704,1.06396450000002,1.75858465432393
16,5.5,341530.414,6368912.88,21.8828887939453,109.27970123291,4.18480587005615,57,1719.27709960938,0.491649001836777,0.498757988214493,-0.177570000290871,5.49306583404541,4.04051780700684,12.2052249908447,-0.0530288333333351,0.245883097791185
116,7.01,341708.083,6369741.5,0.814323008060455,82.9340133666992,0.886785984039307,63,1713.71154785156,0.929084002971649,3.97103595733643,-0.176470994949341,0.926407992839813,0.896185994148254,18.9306163787842,0.0984558333333148,0.277819372933866
94,8.92,340777.376,6369905.65,0.330298990011215,94.4312515258789,0.648832976818085,59,1704.32067871094,0.839960992336273,3.90938997268677,-0.136000007390976,0.664551019668579,0.557546973228455,18.3110752105713,0.808001499999985,1.84488672932167
262,4.44,340010.5,6367268.7,35.0457153320312,158.930297851562,2.89689111709595,43,1761.2109375,0.621285974979401,0.129874005913734,-0.370786994695663,3.58644104003906,3.76058101654053,10.8702774047852,-0.552834166666658,-1.11469669966468
235,6.73,342694.6,6367550.2,25.9522247314453,110.89949798584,1.23926198482513,56,1700.38073730469,0.454930990934372,1.5689799785614,-0.172414004802704,1.23461103439331,1.81829595565796,12.8035621643066,0.453766000000019,0.974464163115378
86,7.21,340538.137,6369596.6,2.83083295822144,99.4609985351562,0.81146901845932,61,1716.09741210938,0.839811980724335,3.95384001731873,-0.1875,0.852177023887634,0.609443008899689,19.1468963623047,-0.133343000000003,-0.356941349444162
342,6.13,342857,6366618,23.2718276977539,109.983703613281,2.23456692695618,43,1673.68664550781,0.523711025714874,0.0967049971222878,-0.290322989225388,2.14054298400879,2.84036898612976,11.8313150405884,0.141287499999991,0.299129876336726
39,4.23,338909.624,6369318.57,9.57972717285156,128.664505004883,4.92732810974121,54,1654.11303710938,0.67390501499176,0.371509999036789,-0.19327700138092,4.30812501907349,4.10260486602783,15.325385093689,-0.567345499999992,-1.31400171818508
159,8.26,339075.825,6368926.77,1.7766569852829,121.265701293945,3.20180106163025,59,1712.27709960938,0.945286989212036,2.78327798843384,-0.151515007019043,3.08260297775269,2.34205794334412,17.6223945617676,0.497375333333312,1.25502831092202
240,6.02,342998.7,6367975.3,21.0410766601562,101.65779876709,5.68958711624146,59,1665.77124023438,0.102430999279022,0.659471988677979,-0.206107005476952,4.92094993591309,4.06301116943359,11.0862350463867,-0.124223000000026,-0.0546244829418514
209,5.29,341500.12,6368620.93,26.637939453125,116.085296630859,7.04907178878784,54,1626.77954101562,0.356759995222092,0.290369004011154,-0.171170994639397,5.84325504302979,4.14170694351196,10.6951971054077,-0.162544166666663,-0.021814251623848
494,7.05,341092,6364541,39.2927703857422,144.528701782227,5.5375919342041,52,1790.8125,0.571096003055573,0.182806000113487,-0.168142005801201,6.22004985809326,5.21021699905396,10.0806541442871,0.323813333333318,0.609951949143151
500,5.89,341176,6364550,33.5744705200195,138.252700805664,4.3878321647644,53,1740.20007324219,0.378690987825394,0.343165993690491,-0.163934007287025,4.34520101547241,4.59277677536011,10.5313653945923,-0.11980516666668,-0.39298590269907
34,4.07,338932.469,6369859.75,26.0865097045898,143.407501220703,10.0372085571289,55,1619.38317871094,0.414543986320496,0.054152999073267,-0.152541995048523,7.84303188323975,5.92209196090698,10.4342174530029,-1.04549033333333,-2.35087272327027
4,8.03,340482.606,6368740.17,1.73967695236206,101.902496337891,1.5173579454422,52,1688.45275878906,0.848187983036041,3.91808390617371,-0.140186995267868,1.48631799221039,1.03542494773865,18.0004272460938,0.368253000000008,0.928437534082956
13,4.92,341129.131,6368589.34,32.3403015136719,126.189300537109,3.97630190849304,52,1753.095703125,0.745643973350525,0.104309998452663,-0.178571000695229,5.45508003234863,4.52721977233887,10.9900188446045,-0.448867666666672,-0.735086675067143
450,5.91,340599,6365250,38.3948593139648,146.551498413086,3.56728410720825,48,1771.22717285156,0.660594999790192,1.37305104732513,-0.225225001573563,4.65573310852051,5.40693998336792,12.7061557769775,-0.28481966666665,-0.381845323884578
383,7.4,340800.902,6366318.13,59.9053039550781,167.133804321289,22.5130176544189,40,1342.93041992188,0.290903985500336,2.70000000455184e-05,-0.200000002980232,18.6974430084229,14.4859628677368,9.60611629486084,0.094674833333352,0.0180446954531615
243,7.88,340603.9,6367518.9,53.8958358764648,161.510498046875,1.00893902778625,55,1713.95300292969,0.871276021003723,0.00503200013190508,-0.176470994949341,1.02489101886749,5.2658429145813,10.1709699630737,0.603269178571429,1.26249583199006
409,7.78,340428,6365832,54.3994903564453,164.826797485352,9.03933811187744,56,1761.70495605469,0.724063992500305,0.54440701007843,-0.1875,8.52406024932861,9.90319728851318,11.2400140762329,0.426977166666671,1.05886725028379
308,5.93,340205.9,6366884.8,63.1745986938477,180.840301513672,4.69998979568481,49,1768.92468261719,0.793778002262115,0.0183290001004934,-0.212120994925499,6.98761081695557,8.30112361907959,9.09907054901123,-0.330289166666667,-0.490922733194277
278,7.2,340609.5,6366998.9,40.2375946044922,150.09880065918,9.35869216918945,42,1595.08850097656,0.493905991315842,0.479589998722076,-0.35632199048996,7.41677618026733,6.9851279258728,10.8897390365601,0.403000833333346,1.0570098487977
89,7.34,340613.079,6369467.51,3.40130591392517,99.2845001220703,4.78397178649902,57,1653.99768066406,0.835210025310516,3.47709989547729,-0.179104000329971,4.19991302490234,2.09721207618713,17.6916961669922,0.0423819999999901,-0.0341776255146389
25,8.49,339306.358,6370105.59,36.5469360351562,149.373001098633,9.59623336791992,57,1690.23254394531,0.79575902223587,0.0307589992880821,-0.224805995821953,7.99432277679443,5.80474996566772,9.01541328430176,0.872807666666683,2.11571918035328
291,8.17,341523,6367316.3,24.1720733642578,120.62149810791,4.62354183197021,37,1726.85168457031,0.330532997846603,0.435487002134323,-0.170732006430626,6.36846208572388,6.09985399246216,13.1792001724243,0.649107833333322,1.23449174103101
368,7.15,340728.254,6369987.09,0.101845003664494,94.9720001220703,0.569630026817322,62,1702.306640625,0.845881998538971,3.69362998008728,-0.160304993391037,0.583159029483795,0.749948978424072,18.2446193695068,0.210207833333342,0.397394187315093
286,7.04,340855.8,6367757,28.4461441040039,130.710494995117,8.43920612335205,46,1607.03039550781,0.368730008602142,0.767098009586334,-0.292035013437271,6.79834508895874,6.36091804504395,10.8501358032227,0.146020833333327,0.657774741513826
396,8.53,341146,6366230,74.6230621337891,178.32600402832,11.7854480743408,37,1545.07739257812,0.526697993278503,0.0179559998214245,-0.308641999959946,9.22174453735352,9.50552463531494,9.41142845153809,0.521199000000008,0.942685713743186
479,6.01,340825,6365081,75.6164779663086,182.150802612305,3.31351089477539,48,1743.4443359375,0.879902005195618,0.0539710000157356,-0.236364006996155,4.24303817749023,6.48278379440308,9.47327995300293,0.168438178571396,0.237467286050039
121,6.01,339579.213,6370353.94,11.9314270019531,122.840698242188,7.174232006073,43,1852.66430664062,0.592801988124847,0.0597659982740879,-0.230768993496895,10.5435781478882,6.01402521133423,13.717924118042,0.0286374999999799,0.020381257425254
110,7.01,341410.178,6369173.32,1.18709599971771,89.1334991455078,2.10035705566406,64,1742.00634765625,0.917989015579224,2.94042205810547,-0.166666999459267,2.36785888671875,1.48850297927856,18.1843357086182,0.135306333333308,0.596801636919711
158,6.87,340103.016,6368196.24,2.7041699886322,111.822700500488,4.60784292221069,44,1735.31713867188,0.855423986911774,1.82398498058319,-0.222222000360489,4.5189790725708,3.93331098556519,15.4069366455078,-0.055624499999988,0.0765770493751621
64,6.66,340084.8,6365190.5,37.4717330932617,149.016006469727,5.99121189117432,39,1687.22692871094,0.622146010398865,0.502838015556335,-0.230768993496895,5.24632501602173,5.51659917831421,13.801155090332,-0.0815276666666556,0.262529778027855
398,8.81,341095,6366079,43.1613235473633,147.486999511719,6.23761892318726,48,1635.74499511719,0.479764014482498,0.685554027557373,-0.25,6.87202119827271,8.97677040100098,11.1911058425903,0.926065499999973,1.79614730551
199,6,339678.397,6369107.12,7.43912506103516,114.689498901367,4.61650705337524,56,1789.64624023438,0.744014024734497,0.429744988679886,-0.160714000463486,6.73165798187256,4.1431450843811,15.3915786743164,0.127760333333343,0.768661202683086
67,5.52,339887.812,6369915.11,3.64403510093689,108.925498962402,2.2522599697113,59,1680.43664550781,0.770066022872925,1.54025399684906,-0.212597995996475,2.14466691017151,2.13439106941223,16.5282459259033,-0.180504000000004,-0.309064743540606
151,4.98,340444.614,6367688.48,36.4133529663086,145.608505249023,3.10753798484802,46,1694.29821777344,0.682337999343872,0.0405739992856979,-0.131312996149063,3.54676508903503,4.46775817871094,10.1724843978882,-0.699692333333309,-1.71468086461531
378,7.58,340948,6366004,29.3242416381836,134.919799804688,3.44753408432007,47,1652.14916992188,0.859296977519989,1.93400299549103,-0.142857000231743,3.35408210754395,3.01968693733215,14.2760610580444,-0.237024999999988,-0.494304552708902
335,6,342487.727,6366543.18,22.1371231079102,112.203498840332,3.45214009284973,42,1675.36291503906,0.27751699090004,0.519011974334717,-0.318681001663208,3.16054105758667,2.59764099121094,12.9365167617798,0.142234166666667,0.352898734265113
85,6.09,340482.957,6370121.64,1.48151397705078,100.017303466797,2.61608099937439,56,1680.67419433594,0.826296985149384,1.23100697994232,-0.15625,2.46170592308044,2.37150406837463,16.789909362793,-0.226685333333339,-0.386698735563459
165,4.98,339385.571,6368712.87,25.2590942382812,140.451995849609,3.97292995452881,44,1785.84692382812,0.413028985261917,0.588964998722076,-0.402298986911774,4.97573900222778,3.57860898971558,11.1897392272949,-0.170847999999994,-0.234168507255093
136,5.47,339867.69,6368669.11,4.26362609863281,113.048797607422,2.66403603553772,61,1689.39855957031,0.737877011299133,2.65496897697449,-0.206107005476952,2.5163938999176,1.91278803348541,16.2057647705078,-0.215121666666662,-0.18152853538277
51,4.53,339561.497,6368966.24,14.4891052246094,124.947998046875,6.00957918167114,55,1784.83923339844,0.340550005435944,0.0189599990844727,-0.176470994949341,10.9625387191772,5.28485822677612,13.794942855835,-0.523638333333334,-1.06742256443938
74,5.29,342234.8,6366890.5,41.3273391723633,132.51530456543,3.86486506462097,47,1751.56274414062,0.698485016822815,0.26596400141716,-0.284404009580612,4.01849985122681,3.3098030090332,9.92652416229248,-0.160821333333332,-0.500101561979448
178,5.19,339958.185,6367926.61,10.0152816772461,124.790000915527,5.66881608963013,54,1705.04833984375,0.305554002523422,0.74694699048996,-0.171170994639397,5.1191258430481,4.43301296234131,13.1867122650146,-0.19802049999999,-0.371830033396084
362,5.33,342533.697,6366489.18,19.387825012207,109.156799316406,3.04179906845093,46,1691.72119140625,0.137801006436348,1.1325169801712,-0.264367997646332,2.85378789901733,2.57088994979858,13.0030374526978,-0.263513166666667,-0.558334310391669
236,6.63,342767,6367532.5,23.2781982421875,107.674003601074,4.75713396072388,48,1680.73303222656,0.411130011081696,0.535521984100342,-0.173077002167702,4.24481201171875,3.29756689071655,11.2570533752441,0.393957333333322,0.812172356896666
98,7.02,340910.731,6369986.92,0.861710011959076,93.5012512207031,0.771048009395599,63,1692.44494628906,0.850673973560333,3.76116299629211,-0.170369997620583,0.783342003822327,0.916363000869751,17.9682960510254,0.0559848333333077,-0.15778765188599
462,6.99,341089,6365264,40.7869110107422,145.495300292969,8.0443811416626,55,1736.28894042969,0.137268006801605,0.598127007484436,-0.169230997562408,7.34317016601562,6.1522331237793,11.2503747940063,0.269987166666695,0.298884790994506
214,9.34,340943.7,6366480.76,105.468627929688,211.208297729492,6.00554990768433,54,1795.77453613281,0.937458992004395,0.0137080000713468,-0.206107005476952,6.52409887313843,9.94435596466064,8.90830612182617,1.66615098412699,2.09607775525719
127,7.5,340233.811,6368535.17,2.90311408042908,107.582496643066,2.5470860004425,53,1701.03173828125,0.845239996910095,3.33382391929626,-0.119266003370285,2.44994211196899,1.84835600852966,17.042459487915,0.287938166666664,0.92933799182553
212,5.48,342548.2,6367922.69,25.5818176269531,109.624496459961,2.21117496490479,53,1727.39624023438,0.0988340005278587,1.93407702445984,-0.226414993405342,2.61949706077576,3.09368300437927,12.4042692184448,-0.214115166666657,-0.641102327020566
174,6.5,340442.767,6367710.07,35.955940246582,144.924499511719,2.6115620136261,48,1758.29431152344,0.686156988143921,0.0440200008451939,-0.121495001018047,3.10921907424927,4.09973096847534,10.3506841659546,0.218690166666684,0.857341895800444
273,6.15,340480.7,6367089.9,59.5178375244141,171.440002441406,3.19221591949463,49,1766.39111328125,0.800718009471893,0.0127480002120137,-0.242105007171631,4.06287908554077,6.79715776443481,9.38881587982178,-0.201837499999995,-0.213211874578955
302,5.78,342427.2,6366931.5,33.268928527832,122.545196533203,3.34116196632385,36,1763.85693359375,0.382319003343582,1.3172789812088,-0.341462999582291,3.77429389953613,3.21892094612122,11.3234395980835,0.0402329999999873,0.0907785334065014
310,6.19,340063.8,6366810.4,47.3408889770508,167.865997314453,4.82475614547729,48,1796.52331542969,0.350980013608932,0.0669850036501884,-0.166666999459267,7.27298784255981,5.63662004470825,9.90225219726562,-0.212910499999983,-0.222412057105376
232,7.35,342331.8,6367984.7,13.5694046020508,98.989501953125,1.95657098293304,54,1720.37573242188,0.612846970558167,1.82491195201874,-0.214285999536514,2.27130794525146,2.17041110992432,15.3770179748535,0.462350833333325,0.903080484647299
366,7.06,340507.697,6365772.42,65.441162109375,175.053497314453,9.54722309112549,55,1884.31652832031,0.654335975646973,0.00186900002881885,-0.255813986063004,13.349160194397,8.20014953613281,8.59868240356445,0.0215823333333098,0.0862571572179771
416,6.05,340914,6365718,35.9699478149414,142.009796142578,8.94046115875244,52,1656.89562988281,0.250622004270554,0.0273209996521473,-0.253968000411987,7.25616121292114,7.45235681533813,11.8551969528198,-0.303403166666679,-0.818107864087425
350,9,341360.5,6366271.8,47.3715591430664,148.723007202148,18.2374687194824,49,1576.45349121094,0.00168999994639307,0.00129199994262308,-0.225225001573563,12.823468208313,10.1409158706665,9.29939842224121,0.712722666666675,1.02260782723889
407,6.24,340286,6365903,87.5626754760742,199.470703125,14.2975416183472,53,1621.04919433594,0.679798007011414,0.00618400005623698,-0.206612005829811,10.6103258132935,9.42239475250244,8.83749485015869,-0.261129499999997,-0.468146461470937
280,5.92,340552.2,6367180.9,59.6972503662109,169.914703369141,4.30457878112793,61,1761.884765625,0.826659977436066,0.0376560017466545,-0.183332994580269,6.11264085769653,6.17299509048462,9.11094284057617,-0.295126000000002,-0.594765808262629
113,5.98,341638.993,6369254.92,3.88113403320312,88.4307632446289,2.31773591041565,61,1744.67834472656,0.849828004837036,0.481305003166199,-0.174603000283241,2.73769998550415,3.11657404899597,17.4408149719238,-0.289077333333306,-0.34396417393474
107,8.12,341259.837,6370088.91,2.46318793296814,90.5407485961914,2.093337059021,57,1685.53967285156,0.840079009532928,2.6364860534668,-0.113043002784252,2.00833797454834,1.67874705791473,17.380054473877,0.592844500000018,1.28721418394972
401,6.95,340162,6366096,74.3074951171875,188.116806030273,8.18505191802979,62,1855.30151367188,0.275359988212585,0.0203099995851517,-0.15625,10.5872821807861,7.25456619262695,9.80212116241455,0.0484221666666809,0.150023354824369
154,7.07,339625.726,6367822.19,0.0943979993462563,121.154296875,3.05819201469421,46,1748.28674316406,0.942539989948273,2.76416301727295,-0.379999995231628,3.26544499397278,3.2683310508728,16.6851806640625,0.188195833333342,0.359179898839845
102,7.66,341010.069,6369370.97,2.01209998130798,93.5952529907227,0.780650019645691,64,1714.25183105469,0.920982003211975,3.95793390274048,-0.151515007019043,0.817251026630402,0.735190987586975,18.9846134185791,0.258006500000003,0.473595269074431
255,6.57,341440.5,6367677.6,11.2779312133789,107.145500183105,2.07430195808411,64,1717.35095214844,0.83430802822113,2.96871995925903,-0.159419998526573,2.0868980884552,1.9664820432663,16.5728206634521,-0.0163576666666563,-0.312245750818861
160,4.01,339479.013,6368137.34,8.39728546142578,126.534301757812,3.37171411514282,56,1711.36413574219,0.664059996604919,0.334841012954712,-0.192982003092766,3.22339797019958,2.70103788375854,15.1381368637085,-0.658297666666686,-1.52855276514013
155,4.89,340722,6368583,10.8839950561523,109.668502807617,2.8929979801178,54,1758.08630371094,0.537665009498596,0.215719997882843,-0.19327700138092,3.5509819984436,3.83490800857544,15.5410871505737,-0.169093333333342,-0.420838351910763
5,8.86,340734.239,6368963.76,3.11395311355591,99.7832489013672,1.65188705921173,62,1734.98645019531,0.83262699842453,3.88823294639587,-0.150000005960464,1.82908594608307,1.26980805397034,17.7551689147949,0.838598166666674,2.11246162660889
326,5.93,341192.342,6367091.41,18.1732482910156,119.577003479004,0.791580021381378,59,1714.25842285156,0.864934027194977,2.61659598350525,-0.185185000300407,0.82253497838974,4.00700187683105,16.3244171142578,-0.304238833333341,-0.913763972536676
272,5.9,340140.2,6367296.3,26.8754730224609,146.382507324219,11.8891248703003,43,1758.92651367188,0.0350000001490116,0.0399909988045692,-0.410714000463486,10.7618522644043,8.68116188049316,9.81016159057617,-0.0535174999999946,0.120128234948557
470,6.11,340914,6365422,29.1955718994141,135.201507568359,7.96147584915161,53,1868.59204101562,0.489046990871429,0.00741800013929605,-0.163934007287025,11.9907941818237,9.20349407196045,13.25119972229,-0.265755333333324,-0.927359557933397
288,9.63,341631.2,6367284.8,37.5530700683594,133.035003662109,3.39744591712952,43,1765.31555175781,0.62518697977066,0.466100007295609,-0.137254998087883,4.4074969291687,4.4530668258667,9.78471755981445,1.69352683333332,3.27129965579555
440,5.57,340384,6365020,72.700927734375,182.098007202148,4.71000480651855,39,1798.37866210938,0.834667980670929,0.0219720005989075,-0.32608699798584,6.93686819076538,8.4505615234375,8.87575340270996,-0.356043166666667,-0.636602200932304
55,7.43,339909.687,6369215.21,4.58644914627075,107.904502868652,2.06150889396667,64,1741.63598632812,0.864318013191223,1.3528059720993,-0.149253994226456,2.27539706230164,2.10688710212708,17.1915035247803,0.247051666666656,0.919273300327865
331,5.09,341748.849,6366548.02,22.7685089111328,119.509498596191,5.05587387084961,40,1628.37658691406,0.367574989795685,0.618763029575348,-0.311111003160477,4.5348048210144,3.91390800476074,12.2289543151855,-0.364092833333347,-1.36134860646388
238,5.3,342858,6368046.2,35.7880554199219,116.985298156738,7.09425210952759,57,1675.64807128906,0.797007024288177,0.295107007026672,-0.170369997620583,6.03373003005981,4.26961803436279,9.55202293395996,-0.522096000000009,-1.16044972819139
252,6.03,341048,6367798.9,17.5310287475586,117.082000732422,5.10447597503662,61,1689.56774902344,0.661525011062622,1.72615396976471,-0.240876004099846,4.5637640953064,3.30247211456299,12.8927068710327,-0.148024666666661,-0.208685228593064
339,5.31,342511,6366870,37.4876022338867,126.377700805664,3.07820606231689,41,1758.60668945312,0.779519975185394,0.253491014242172,-0.372092992067337,3.42836689949036,2.68664288520813,10.8089447021484,-0.219290833333336,-0.545168938934508
427,7.44,341332,6366046,39.5760955810547,141.494003295898,9.57651138305664,48,1782.1865234375,0.18673500418663,0.156036004424095,-0.25,9.40994453430176,7.54439687728882,9.98905944824219,0.483273166666689,0.752887259182968
379,8.05,340917,6366487,106.189315795898,212.227798461914,4.2350959777832,53,1797.09057617188,0.935266017913818,0.00484600011259317,-0.184000000357628,5.14928817749023,10.5815134048462,9.04777812957764,-0.329539404761913,-0.443939450191746
478,8.54,341323,6365438,14.5505828857422,117.170196533203,2.24127697944641,41,1680.10986328125,0.790674984455109,2.97035694122314,-0.372092992067337,2.13535690307617,3.81903910636902,17.6205577850342,0.818872833333338,1.60627443674054
226,8.8,342058.8,6368073.5,11.4809417724609,98.8537521362305,3.47795104980469,64,1749.96447753906,0.533825993537903,0.282579004764557,-0.165468007326126,3.70097208023071,3.10245895385742,15.0926179885864,1.45023499999998,2.77015252485345
48,5.1,339222.296,6368845.91,13.5371322631836,130.999801635742,4.51239490509033,55,1782.20446777344,0.608229994773865,0.293228000402451,-0.172414004802704,6.58902215957642,5.73507404327393,14.5869798660278,-0.402283333333339,-0.937292067802487
77,5.2,340145.169,6369972.21,2.29030609130859,104.611297607422,2.11299705505371,59,1686.42150878906,0.836474001407623,2.13065409660339,-0.169230997562408,2.02511096000671,1.78841197490692,17.1267509460449,-0.634568999999987,-1.23371336131255
83,7.85,340457.221,6369691.67,1.9489209651947,99.4747467041016,0.722913980484009,64,1709.89514160156,0.847609996795654,3.94761991500854,-0.153284996747971,0.746671974658966,0.621760010719299,19.0936374664307,0.320037833333308,0.840821582530045
184,5.49,340734.972,6367930.05,40.5515365600586,143.239700317383,2.23257398605347,53,1751.32470703125,0.765367984771729,0.238741993904114,-0.176470994949341,2.54614305496216,2.55297803878784,10.1672620773315,-0.176062499999979,-0.0897203844083965
459,7.54,340605,6365542,22.3219604492188,130.773696899414,1.61153697967529,52,1718.54504394531,0.928106009960175,1.98071205615997,-0.189655005931854,1.64324998855591,5.28262186050415,17.395092010498,0.144038166666667,0.375561311834259
196,5.06,339558.188,6370099.82,29.3201522827148,139.298202514648,6.23562288284302,52,1622.22546386719,0.791984975337982,0.331398010253906,-0.182609006762505,5.33110904693604,5.06824684143066,10.1012029647827,-0.61291133333334,-1.42030226092836
257,7.1,341952,6367604.9,19.3345260620117,110.059997558594,5.19077491760254,49,1679.47705078125,0.312617987394333,0.553017973899841,-0.164835005998611,4.58562517166138,4.32175016403198,12.9422836303711,0.576478666666648,0.892337673201064
168,5.01,340557.3,6368047.19,28.5342330932617,132.737701416016,3.79632496833801,54,1729.83325195312,0.492756009101868,0.456640005111694,-0.224490001797676,4.94388484954834,4.49809598922729,10.1534910202026,-0.250807000000015,-0.433601718605393
408,7.2,340336,6365877,72.2425765991211,183.63020324707,22.5760765075684,54,1609.09228515625,0.112485997378826,0.00049200002104044,-0.252032995223999,15.9099369049072,10.9398260116577,9.34733963012695,-0.0463828333333183,-0.0494727746066879
432,7.72,340492,6364996,76.0857162475586,184.841003417969,9.35445594787598,57,1839.90075683594,0.794272005558014,0.00640799989923835,-0.224490001797676,10.7508964538574,7.6488618850708,8.66570377349854,-0.0351366428571556,0.381978764025162
389,8.55,341346,6366538,56.6998825073242,157.824005126953,4.84648990631104,56,1804.21618652344,0.343975007534027,0.211283996701241,-0.174603000283241,6.16179895401001,4.98382616043091,10.1820888519287,1.06228049999998,1.92362088963323
352,9.74,341760.5,6366346.8,14.8150329589844,112.06120300293,3.50238609313965,56,1681.576171875,0.770156025886536,2.57734799385071,-0.276596009731293,3.2163999080658,2.52945494651794,14.2648010253906,1.59523800000006,3.31073795183683
20,5.5,341784.041,6369138.85,15.2635650634766,98.3130035400391,5.4852409362793,49,1779.68493652344,0.045609999448061,0.223126992583275,-0.129629999399185,6.02985620498657,4.79170799255371,14.0126905441284,-0.622995999999996,-1.04370686577399
502,6.93,341712,6364808,5.93440198898315,106.867797851562,2.77932596206665,59,1712.19067382812,0.854638993740082,2.6686110496521,-0.223881006240845,2.71071410179138,2.15486407279968,17.1024017333984,0.126061666666642,0.252383500396468
164,5.91,340425.519,6367780.78,30.8801956176758,139.156295776367,4.32602882385254,48,1778.24011230469,0.467905014753342,0.491746991872787,-0.100916996598244,4.89188003540039,4.34065723419189,10.6517963409424,-0.0642343333333155,0.146634902301886
52,6.02,339686.049,6369372.82,1.64858996868134,106.940498352051,1.72583603858948,57,1730.02307128906,0.923107981681824,3.16160607337952,-0.186441004276276,1.82872903347015,1.65643405914307,18.320743560791,-0.333519000000012,-0.758830713021505
22,4.46,341781.278,6368714.61,16.9195785522461,102.793998718262,6.31027317047119,56,1668.26159667969,0.219236001372337,0.507587015628815,-0.185185000300407,5.40612506866455,4.35984897613525,12.63694190979,-0.696017000000006,-1.4673292302634
177,4.16,340669.835,6367700.43,43.4791946411133,149.078506469727,3.93241810798645,47,1760.27416992188,0.684888005256653,0.646764993667603,-0.125,5.39465284347534,4.180908203125,9.82767581939697,-1.15739849999997,-2.57262301024259
42,6,338932.683,6369044.08,1.04776000976562,122.211303710938,1.42844998836517,59,1700.61254882812,0.925296008586884,2.96289396286011,-0.20754699409008,1.41377198696136,1.20419204235077,17.9578151702881,-0.426425333333326,-0.930054828224535
315,7.32,340860,6366560.4,83.5099792480469,190.121994018555,7.82498598098755,53,1882.75378417969,0.584146022796631,0.000958000018727034,-0.19658100605011,12.8536367416382,12.6498794555664,9.08978939056396,0.0961898333333444,0.269776614648751
84,7.32,340438.282,6369931.13,0.206527993083,98.453498840332,0.898262977600098,60,1697.63159179688,0.847611010074615,2.9662880897522,-0.151515007019043,0.904098987579346,0.705039024353027,18.3587913513184,0.150099166666686,0.470841637636443
11,6.49,341185.785,6368941.26,7.53092193603516,98.7815017700195,3.2414391040802,61,1760.49975585938,0.684827983379364,1.38363194465637,-0.167999997735023,4.13096380233765,3.81748509407043,15.8139724731445,0.114558166666697,0.677913415793626
405,6.69,339987,6366421,40.9094390869141,158.529006958008,2.67484593391418,55,1672.2490234375,0.798111975193024,2.63105893135071,-0.240876004099846,2.78475594520569,5.8849139213562,14.4875230789185,0.0294745000000161,0.046543150120347
380,6.69,340799,6366445,97.3849945068359,204.639495849609,11.1023073196411,46,1546.77026367188,0.826337993144989,0.000415999995311722,-0.178947001695633,10.8923740386963,13.0664348602295,8.46361255645752,-0.213634499999984,-0.555541495835429
395,8.86,341149,6366301,81.1994171142578,184.589797973633,15.6027574539185,40,1535.61157226562,0.673255026340485,0.00364800007082522,-0.333332985639572,11.1910629272461,9.25830745697021,9.16027641296387,0.605047166666679,1.03236091287178
194,6.5,339134.462,6370187.03,38.6714401245117,153.587203979492,0.575164020061493,46,1702.23413085938,0.810790002346039,0.0326070003211498,-0.119999997317791,0.590264022350311,3.21394300460815,10.8363742828369,-0.0311991666666609,0.0467495592869556
371,7.76,342389.057,6368574.11,14.8400421142578,96.2442474365234,5.7912540435791,52,1614.57336425781,0.41813001036644,0.815035998821259,-0.173077002167702,5.57927989959717,4.10667896270752,14.5885286331177,0.440758666666647,1.27367030229673
486,6.2,340438,6364852,82.2698593139648,191.178298950195,1.56791400909424,53,1729.68151855469,0.852133989334106,0.0136110000312328,-0.234782993793488,1.61583399772644,9.6718692779541,10.0133228302002,-0.452277833333323,-0.817632355607174
198,9.02,339624.654,6367501.25,2.1611180305481,130.827697753906,2.39933800697327,55,1726.8525390625,0.911711990833282,2.79942011833191,-0.192661002278328,2.43372011184692,2.41822791099548,16.8711051940918,1.02348733333328,2.57623088956744
249,4.92,340775.7,6367841.1,40.9020462036133,143.653305053711,4.11285591125488,43,1689.48583984375,0.664563000202179,0.451597988605499,-0.384615004062653,3.73800802230835,4.02916383743286,9.93463897705078,-0.294267500000008,-0.460555766104822
200,5,339826.02,6367692.68,13.2345352172852,134.217300415039,3.76220393180847,53,1762.10339355469,0.313315004110336,0.810139000415802,-0.125,5.08640098571777,3.3879120349884,13.9457178115845,-0.38307333333333,-0.82224621745327
377,7.43,340795,6366193,34.5318298339844,141.980697631836,4.85918283462524,57,1650.6611328125,0.852074980735779,1.46216201782227,-0.205881997942924,4.25790405273438,6.91876888275146,13.499550819397,0.225814261904744,0.525089514772161
250,6.41,340870.6,6367822.7,34.7342224121094,136.664703369141,8.76903820037842,48,1615.69421386719,0.38407701253891,0.158150002360344,-0.294117987155914,7.00233602523804,5.59101915359497,9.65820026397705,-0.0200368333333323,0.254484114725901
292,8.34,341512.9,6367366.1,21.1809844970703,117.684501647949,2.88969111442566,37,1724.2734375,0.575694024562836,0.622250020503998,-0.131578996777534,3.54189205169678,5.19433689117432,14.4743947982788,0.539013666666641,0.927287752350586
434,5.42,340464,6365085,63.253776550293,172.270492553711,5.41556596755981,67,1798.24060058594,0.651970982551575,0.0915500000119209,-0.216215997934341,6.24888801574707,7.27660512924194,9.39431285858154,-0.599271333333337,-1.12083245904056
33,8.56,338883.141,6369957.71,36.1642837524414,154.092697143555,13.835654258728,47,1636.18969726562,0.628902971744537,0.0533329993486404,-0.127660006284714,10.4648866653442,6.34537220001221,9.284912109375,0.891736880952344,2.48885455140358
40,4.82,339130.99,6370012.31,21.4617919921875,136.199996948242,4.57953786849976,50,1634.99035644531,0.433236002922058,1.41479802131653,-0.222222000360489,4.34226512908936,4.30742692947388,11.6713247299194,-0.625185333333321,-1.41633358043752
10,3.44,341130.968,6368944.55,7.77509307861328,99.6989974975586,5.79320478439331,63,1785.83666992188,0.67221200466156,0.603851974010468,-0.175573006272316,6.43805313110352,4.38397884368896,15.1058197021484,-1.288247,-2.86941804564517
319,5.74,340818.679,6366860.27,34.0877456665039,141.067504882812,6.88149785995483,36,1849.37023925781,0.375950008630753,0.0465710014104843,-0.438201993703842,10.0799617767334,6.69672918319702,11.8444290161133,-0.161553833333312,-0.256968673944553
125,5.82,340426.528,6370286.72,12.3887481689453,112.579200744629,4.80297994613647,54,1644.02038574219,0.13926400244236,0.562030971050262,-0.200000002980232,4.22774219512939,3.51877808570862,13.1767854690552,0.0989486666666624,0.515904582370461
265,5.97,339712.9,6367489,1.73219299316406,130.516998291016,2.42394804954529,54,1723.02978515625,0.929351985454559,2.73198008537292,-0.204081997275352,2.88322806358337,2.74877691268921,16.8706169128418,-0.738784166666673,-1.60154857911597
465,6.44,341439,6365239,12.0233154296875,114.127502441406,1.72542405128479,54,1683.12646484375,0.82531601190567,2.47904801368713,-0.235771998763084,1.67792403697968,5.46514797210693,17.7982807159424,-0.247979666666653,-0.593465021817028
186,5.14,341493.684,6368399.02,28.3710784912109,119.464500427246,5.30876207351685,56,1746.0927734375,0.647792994976044,0.158812001347542,-0.192982003092766,5.24312782287598,4.4122109413147,10.7010860443115,-0.181746500000004,-0.237784782435945
61,6,339732.007,6370010.75,12.9434280395508,120.573501586914,5.39428520202637,40,1630.0009765625,0.0152430003508925,0.35996401309967,-0.341462999582291,4.71559906005859,4.53859806060791,13.2377586364746,0.133813499999991,0.459380749971713
483,8.05,341162,6365081,35.2597045898438,139.546005249023,12.806134223938,48,1636.02087402344,0.150777995586395,0.0601969994604588,-0.211538001894951,9.78620624542236,7.75073719024658,9.84552669525146,0.674027999999978,1.39976200258618
152,5.47,339033.331,6368504.63,17.4848175048828,139.468002319336,3.34791803359985,55,1679.0146484375,0.687099993228912,1.23318302631378,-0.25,3.68966102600098,3.63875389099121,14.3646812438965,-0.470392666666656,-1.00131953182275
54,4.22,339706.071,6368788.31,17.8974533081055,127.598503112793,10.0141220092773,59,1605.90563964844,0.170339003205299,0.401219010353088,-0.174603000283241,7.8083291053772,5.45128011703491,11.8007593154907,-0.815390666666666,-1.6066690811618
481,7.15,341040,6365080,57.0423431396484,162.201797485352,11.6330471038818,53,1620.28076171875,0.691172003746033,0.028787000104785,-0.203390002250671,8.89074039459229,9.03707408905029,9.20693778991699,-0.0935176190476072,-0.485482998500347
430,6.56,341462,6365525,24.0353393554688,125.538497924805,1.80323004722595,54,1683.45678710938,0.202919006347656,1.40951299667358,-0.206897005438805,1.86740100383759,1.91579294204712,16.1197738647461,0.445925999999978,0.762916698710135
289,9.39,341615.9,6367305.6,34.9333114624023,130.573501586914,4.20384216308594,43,1695.12329101562,0.493331998586655,0.732177019119263,-0.154639005661011,5.1335620880127,5.61902189254761,10.2166652679443,1.09970466666663,2.04788561712913
185,5.41,339710.889,6368496.55,5.18445587158203,117.40650177002,1.42285895347595,48,1725.18627929688,0.637435019016266,2.90343904495239,-0.136841997504234,1.49241602420807,1.25787699222565,16.8302707672119,-0.39645666666665,-0.546298382561734
253,6.17,341342.4,6367836.9,11.1284866333008,107.149002075195,1.49218797683716,55,1706.98327636719,0.769576013088226,2.9203519821167,-0.131782993674278,1.49180996417999,2.38094711303711,15.5506811141968,-0.0172123333333323,-0.131251025632551
115,6.38,341682.835,6369592.36,0,82.6265029907227,0.315174013376236,57,1699.11340332031,0.948650002479553,3.95468592643738,-0.192982003092766,0.326092004776001,0.896291017532349,19.7893257141113,-0.250417000000003,-0.518773117677308
312,6.31,339958.7,6366768.8,39.6637802124023,161.594802856445,5.12749814987183,54,1647.99975585938,0.204597994685173,0.0765329971909523,-0.196721002459526,5.52124881744385,7.19989490509033,12.0959606170654,-0.116745500000019,0.0440306725963771
303,5.82,342410.4,6366986.7,31.2158279418945,120.533203125,3.31750702857971,39,1748.92407226562,0.144066005945206,1.56903100013733,-0.364706009626389,3.50502800941467,3.07095003128052,11.9027900695801,0.0517811666666566,0.134359262712413
205,5.25,340184.39,6369799.96,0,100.669502258301,1.08682096004486,62,1697.36340332031,0.847609996795654,3.58370399475098,-0.166666999459267,1.08609902858734,1.06857001781464,18.4642238616943,-0.696749500000001,-1.30546209960605
267,5.1,340341.4,6366955.7,47.118278503418,162.204299926758,6.52270603179932,39,1749.16345214844,0.319824993610382,0.107656002044678,-0.333332985639572,11.4252862930298,8.54932022094727,9.65496253967285,-0.575194000000009,-1.20413222840329
455,5.62,340807,6365241,55.1220092773438,161.853805541992,4.49989700317383,47,1799.64904785156,0.522408008575439,0.290641993284225,-0.193547993898392,5.90986490249634,5.85846376419067,9.94519329071045,-0.497370333333324,-1.1675303268384
334,6.19,342526.941,6366726.8,29.9956359863281,119.134803771973,6.71248006820679,49,1632.68481445312,0.295282989740372,0.612985014915466,-0.222222000360489,5.60668611526489,4.9821949005127,10.1439237594604,0.134569000000015,0.342098948658188
282,5.99,340753.5,6367305.1,36.3321533203125,142.676498413086,7.3496880531311,64,1830.9873046875,0.184786006808281,0.319032996892929,-0.219178006052971,9.04048442840576,6.81996011734009,10.231614112854,-0.183342833333309,-0.413972725073637
215,6.9,342627.1,6366319.16,10.4916076660156,99.8377532958984,2.12098789215088,35,1688.28454589844,0.46170699596405,0.708383023738861,-0.41772198677063,2.0353569984436,2.06570100784302,14.82177734375,0.428798000000024,1.06768497327342
318,5.67,340780.8,6366772.1,46.6573638916016,154.118499755859,5.11589479446411,37,1806.9775390625,0.125659003853798,0.0486700013279915,-0.324324011802673,7.8759617805481,7.00656223297119,9.89366626739502,-0.212761833333354,-0.417236973318695
57,5.37,340066.897,6369063.06,17.546012878418,120.296997070312,3.5272479057312,57,1774.16088867188,0.196226000785828,0.263682991266251,-0.173554003238678,4.44253492355347,4.7607479095459,13.379903793335,-0.22055549999998,-0.297105710388389
105,5.89,341242.654,6369342.57,2.60430908203125,91.6419982910156,0.788505017757416,64,1700.70092773438,0.922010004520416,3.95656609535217,-0.157894998788834,0.799766004085541,0.920677006244659,18.9637718200684,-0.702163000000013,-1.51163206989174
279,6.68,340737.8,6366939.9,29.978141784668,137.931198120117,7.04284715652466,44,1612.58483886719,0.761593997478485,0.817712008953094,-0.333332985639572,5.89643716812134,5.33468389511108,13.7201204299927,-0.0139296666666811,0.190551513266451
270,5.53,340199.9,6367083.2,34.792839050293,152.958999633789,12.0407857894897,55,1780.07983398438,0.244307994842529,0.0145230004563928,-0.173554003238678,11.3174209594727,8.87351322174072,9.77693843841553,-0.408226999999994,-0.826389010067754
134,8.65,339401.128,6367702.43,14.5774383544922,138.789993286133,4.55024099349976,40,1752.58166503906,0.693810999393463,0.853868007659912,-0.0909089967608452,4.63849878311157,5.14065790176392,12.8759021759033,0.825083500000019,1.95917635167988
129,7.45,338868.412,6369044.61,1.72300004959106,124.121002197266,1.78388297557831,62,1697.28735351562,0.909722983837128,2.94167494773865,-0.238095000386238,1.73992896080017,1.43891799449921,17.6083354949951,0.378549000000013,0.955760697501561
218,5.46,341281.6,6368065.5,33.9598388671875,129.209701538086,6.82020998001099,47,1608.87731933594,0.674099028110504,0.223265007138252,-0.238095000386238,5.80319499969482,5.0826210975647,9.86756992340088,-0.31140950000001,-0.536910341959453
106,7.25,341239.805,6369865.48,1.4653240442276,89.84375,0.829856991767883,64,1704.26623535156,0.881021976470947,3.93883800506592,-0.151078999042511,0.845575988292694,0.593670010566711,18.4646015167236,-0.0674334999999955,-0.282503730214476
307,5.92,340283.2,6366850.5,71.5736999511719,187.410003662109,7.1920862197876,54,1842.95336914062,0.821099996566772,0.00527400011196733,-0.19327700138092,9.25214290618896,7.98813199996948,8.72139739990234,-0.533786750000016,-0.949634721855416
363,5.29,343420.835,6367884.03,0.620353996753693,79.1782531738281,2.28152704238892,56,1696.48718261719,0.782908976078033,3.94376802444458,-0.159664005041122,2.20565891265869,1.80082702636719,16.9516487121582,-0.665714666666662,-1.57455561022537
27,5.22,341759.8,6365340.5,23.7280883789062,123.114799499512,1.30474305152893,41,1688.65930175781,0.0881149992346764,0.398153990507126,-0.333332985639572,1.29359602928162,1.03708803653717,16.2698650360107,-0.288298500000007,-0.723271506224466
480,7.02,340965,6365104,65.4063110351562,171.077697753906,9.11289310455322,55,1764.19653320312,0.807375013828278,0.0564000010490417,-0.196721002459526,8.59394073486328,7.14859294891357,9.25013160705566,-0.0808435000000287,-0.356055831752487
245,7.42,340321.3,6367680.7,25.0380706787109,136.450698852539,5.72508811950684,48,1642.66674804688,0.186984002590179,0.240547999739647,-0.113402001559734,6.3057279586792,4.6894679069519,11.7743139266968,0.627792499999981,1.56751258158787
369,4.58,341040.212,6370393.58,10.3597412109375,101.833801269531,0.540132999420166,54,1699.302734375,0.385960012674332,1.7780510187149,-0.192661002278328,0.552128970623016,0.618315994739532,17.1439819335938,-0.50414049999999,-1.16014830881355
439,8.29,340483,6364993,76.0857162475586,184.841003417969,9.35445594787598,57,1839.90075683594,0.794272005558014,0.00640799989923835,-0.224490001797676,10.7508964538574,7.6488618850708,8.66570377349854,0.534863357142844,1.2964487042905
417,6.38,341014,6365722,26.2432098388672,131.402801513672,4.98076295852661,54,1697.03210449219,0.614013016223907,0.182437002658844,-0.230768993496895,4.49941682815552,3.67683410644531,14.7704601287842,0.259833499999986,0.389888937960763
222,8.95,341857.9,6367807.4,31.8839111328125,122.537002563477,4.67547607421875,39,1799.95446777344,0.735086023807526,0.0721250027418137,-0.156626999378204,6.26311779022217,5.63855981826782,10.364800453186,0.851792666666693,1.51379668253283
406,6.78,340112,6365971,95.274658203125,209.01530456543,6.20622396469116,61,1833.72839355469,0.79303902387619,0.077563002705574,-0.200000002980232,8.1082820892334,6.81408596038818,9.00631999969482,-0.212552785714269,-0.377879854649942
145,4.99,340315.683,6368255.68,10.2037353515625,115.567001342773,2.60678601264954,56,1749.86560058594,0.565055012702942,0.13510499894619,-0.183332994580269,2.87843990325928,3.34646010398865,15.1936569213867,-0.121746666666656,-0.22420613807259
287,9.45,341640.6,6367227.3,44.8188552856445,140.612701416016,2.10476994514465,44,1742.52185058594,0.793435990810394,0.00479299994185567,-0.134020999073982,2.27252602577209,7.95594120025635,9.70255279541016,0.864148500000001,1.64567483205774
148,4.72,340753.628,6367701.89,40.6319580078125,144.773300170898,8.53569984436035,44,1734.19897460938,0.595197975635529,0.304201990365982,-0.320387989282608,7.7067551612854,6.06382989883423,9.79480266571045,-0.813154333333332,-1.66438354344842
163,5.48,340557.011,6368181.38,23.0856399536133,126.024299621582,3.64996695518494,54,1770.14147949219,0.505312979221344,0.227535992860794,-0.168142005801201,4.83520698547363,4.31814479827881,11.9109563827515,-0.0869531666666559,0.0144872199746562
356,5.34,342724.937,6367182.05,28.9687194824219,114.955001831055,4.85967922210693,44,1759.95971679688,0.544571995735168,0.267053008079529,-0.304347991943359,5.05922698974609,3.71348595619202,10.139988899231,-0.0621640000000063,-0.261248036149248
161,5.66,339832.597,6367978.7,13.7175216674805,129.341506958008,2.13107204437256,54,1723.03173828125,0.371347993612289,0.229611992835999,-0.102040998637676,2.49328088760376,2.39654493331909,15.0059242248535,-0.0781929999999873,-0.091562244697494
66,5.04,342484.8,6366240.5,9.88095855712891,100.739303588867,2.64047503471375,47,1662.75390625,0.69011002779007,1.84650003910065,-0.280000001192093,2.53257489204407,2.25353097915649,15.6625347137451,-0.566676166666661,-1.29660653490194
475,8.91,341067,6365361,43.720100402832,148.569702148438,7.38949203491211,49,1799.20971679688,0.585754990577698,0.0149060003459454,-0.174603000283241,7.96855783462524,9.28664016723633,9.18048095703125,0.851391666666689,1.58107115218891
225,8.8,342012.3,6367996.2,16.7453536987305,105.008499145508,4.1816577911377,54,1764.97973632812,0.0656170025467873,0.165909007191658,-0.136000007390976,4.56874084472656,3.98887395858765,13.9598083496094,1.27239883333331,2.44183256186823
117,5.51,341732.154,6369838.86,0.935012996196747,82.7907485961914,1.39413797855377,59,1692.36694335938,0.919380009174347,3.97213292121887,-0.1875,1.37544894218445,0.781902015209198,18.667896270752,-0.769337000000036,-1.9495723795422
436,5.61,340437,6365235,45.0822067260742,154.450698852539,4.55791616439819,39,1796.56396484375,0.206876993179321,0.391716003417969,-0.270588010549545,6.37468194961548,5.78910207748413,11.6055364608765,-0.344719499999994,-0.436158543081564
464,5.1,341339,6365289,22.4846496582031,125.282203674316,11.7193288803101,49,1776.56762695312,0.509648025035858,0.0172090008854866,-0.283019006252289,11.0551710128784,6.21125602722168,13.8277339935303,-0.573437000000022,-1.80040052111135
358,8.99,340628.17,6369687.14,2.04468488693237,97.5927505493164,0.782957017421722,61,1717.69165039062,0.828427016735077,3.9465069770813,-0.149606004357338,0.830866992473602,0.753826975822449,18.794921875,0.575003500000024,1.22917117047799
452,6.96,340696.06,6365568.1,21.1235504150391,128.994293212891,0.913753986358643,43,1701.20739746094,0.923407971858978,1.98232805728912,-0.222222000360489,0.92058801651001,7.01602220535278,17.7696495056152,-0.0617868333333345,-0.179235656014839
325,5,341057.296,6366870.76,40.9479751586914,144.583694458008,4.94272804260254,56,1808.22546386719,0.2206140011549,0.170383006334305,-0.186992004513741,6.73288679122925,6.0592827796936,10.3196516036987,-0.682922833333323,-1.66291234005099
45,7.58,339110.446,6369266.51,2.64370703697205,118.216499328613,2.95772790908813,57,1670.74792480469,0.928683996200562,2.65353107452393,-0.185185000300407,2.7485339641571,1.97279298305511,16.8647994995117,0.2221635,0.738433831796218
146,4.95,340765.044,6367789.8,41.504524230957,144.949493408203,8.58362674713135,44,1685.455078125,0.637208998203278,0.25348699092865,-0.230768993496895,7.20211887359619,5.02089595794678,9.32353401184082,-0.667245166666659,-1.34463920541461
170,6.5,339037.427,6368811.35,3.11052703857422,123.68920135498,2.76975297927856,55,1730.95849609375,0.943177998065948,2.52971792221069,-0.25,2.81554102897644,3.46234488487244,16.8969326019287,-0.270640999999991,-0.654570311593161
284,6.21,341145.9,6367300.3,30.5134506225586,131.762496948242,4.60507011413574,62,1756.53515625,0.442175000905991,0.145190000534058,-0.166666999459267,4.7543568611145,4.82618379592896,11.2076787948608,0.0176105000000009,-0.00451652933001068
283,6.69,340945.2,6367201.7,36.1131591796875,140.422500610352,5.93234300613403,57,1616.44140625,0.226658999919891,0.49092099070549,-0.230768993496895,5.23873090744019,4.52731418609619,11.1897630691528,0.376790333333353,1.00571755301957
400,6.76,340212,6366021,84.1544723510742,197.177703857422,8.52217960357666,55,1845.3828125,0.197450995445251,0.0377399995923042,-0.151515007019043,10.2466802597046,7.32951593399048,9.40460872650146,-0.143297666666679,-0.162017957189148
189,7.86,341334.8,6366715.5,41.3981704711914,142.132507324219,5.85977220535278,49,1726.53869628906,0.577634990215302,0.640883982181549,-0.178947001695633,8.90465641021729,6.27254295349121,11.8262987136841,0.344206833333348,0.635666526465028
341,5.63,342731,6366780,30.1994323730469,117.468803405762,3.41275906562805,37,1701.54223632812,0.73980700969696,0.232587993144989,-0.277108013629913,3.21175098419189,2.81886911392212,10.1510457992554,-0.149586000000006,-0.580564791177362
176,7.71,339026.164,6368876.16,3.08746290206909,123.514297485352,6.87991714477539,57,1671.53259277344,0.924091994762421,0.737949013710022,-0.170369997620583,5.84433507919312,3.56367993354797,16.2468547821045,0.299954666666664,0.762395159818908
269,5.8,340242.9,6367028.4,36.6304702758789,154.127502441406,11.5896711349487,57,1786.9697265625,0.462704986333847,0.0422299988567829,-0.191175997257233,11.1161270141602,9.1451530456543,10.2627077102661,-0.225517666666686,-0.142813397147867
173,7.47,340515.52,6368727.81,0.888984978199005,100.910499572754,1.55736804008484,54,1682.96618652344,0.861117005348206,3.901123046875,-0.200000002980232,1.52757799625397,0.984915971755981,18.1424884796143,0.19536266666666,0.621168627797048
220,5.44,341438.2,6368050.3,22.2786712646484,116.026000976562,8.24435520172119,49,1619.97595214844,0.216961994767189,0.20805299282074,-0.132074996829033,6.65479803085327,5.17938184738159,12.3429565429688,-0.349399166666664,-0.863090956006305
191,6.99,338741.153,6370112.42,24.1545867919922,143.80549621582,4.5425329208374,44,1798.03344726562,0.639626979827881,0.712105989456177,-0.159999996423721,6.21722888946533,8.13636875152588,13.5705518722534,-0.00759949999997112,0.0474979463491882
53,4.5,339706.774,6368869.23,23.0948638916016,132.15950012207,2.81925511360168,57,1695.89184570312,0.403147995471954,0.220427006483078,-0.19327700138092,2.66436004638672,3.78126001358032,12.24241065979,-0.490676499999998,-0.873561352058479
104,8.33,341210.346,6369665.7,2.61991095542908,91.6047515869141,0.94063800573349,59,1691.03759765625,0.893230974674225,3.96456599235535,-0.193798005580902,0.945442974567413,0.871194005012512,19.013822555542,0.555402999999999,1.43257112360872
241,5.9,343082.8,6367751.5,12.2615432739258,93.5532531738281,3.85729098320007,52,1644.28137207031,0.194590002298355,0.312629997730255,-0.104166999459267,3.55617094039917,2.85556793212891,13.5878276824951,-0.37408033333332,-0.604097703338245
447,5.43,340739,6365086,60.1733932495117,167.38330078125,5.78768682479858,36,1824.68090820312,0.175815999507904,0.19709999859333,-0.364706009626389,9.87437152862549,9.11721038818359,10.2882328033447,-0.362138500000007,-0.661939650907591
320,6.91,340846.888,6366969.41,24.8812255859375,131.306701660156,10.2077798843384,48,1621.43395996094,0.798554003238678,0.756590008735657,-0.344538003206253,7.96738481521606,6.76060485839844,13.4545345306396,0.0332053333333437,0.230274887774931
354,8.83,341206.91,6365377.76,26.4555358886719,130.14030456543,5.62880802154541,59,1729.3095703125,0.417436987161636,0.313271999359131,-0.1875,5.30525779724121,5.51503705978394,14.0147666931152,1.22001883333335,2.49350501248398
445,5.15,340196,6365131,29.2356109619141,140.060501098633,1.38125598430634,37,1729.91674804688,0.915979981422424,1.93227005004883,-0.428570985794067,1.53668797016144,7.61937284469604,16.6295394897461,-0.752436166666646,-1.49595395236982
93,4.13,340730.216,6370400.48,11.2184219360352,107.303001403809,1.36491298675537,43,1707.16528320312,0.247045993804932,0.123268000781536,-0.0799999982118607,1.3700909614563,1.72123897075653,15.8192663192749,-1.03076500000002,-2.25283338363356
275,6.58,340501,6366993.8,49.9088287353516,161.523300170898,17.3029632568359,49,1545.2490234375,0.00999100040644407,0.0128349997103214,-0.277310997247696,12.1222734451294,7.47914409637451,9.1031665802002,-0.321164666666647,-0.55240645895831
261,5.75,340116.2,6367041.9,48.2514953613281,169.279800415039,3.27542209625244,53,1758.93542480469,0.798232972621918,0.0723579972982407,-0.19191899895668,4.23391008377075,5.83621978759766,9.45339965820312,-0.352220321428571,-0.399809856729965
2,5.42,340344.936,6368491.05,0.281174004077911,103.740997314453,1.42798697948456,47,1701.01550292969,0.913833022117615,3.31256198883057,-0.386139005422592,1.4172500371933,1.42121601104736,18.1606369018555,-0.811656500000003,-1.9382057931025
469,7.93,340949,6365393,37.1869430541992,142.804504394531,9.75726699829102,52,1909.77209472656,0.0804079994559288,0.00017699999443721,-0.28125,16.6987075805664,9.6230993270874,10.1023435592651,0.583457666666658,1.24925543053559
130,4.53,340309.452,6368107.85,13.1045150756836,119.986999511719,1.84648501873016,54,1718.72497558594,0.260666012763977,1.66995894908905,-0.16949200630188,1.86844897270203,1.90629804134369,14.2934417724609,-0.58202533333334,-1.31423785056052
446,5.15,340721.06,6365018.1,74.9104537963867,182.258804321289,3.72777199745178,41,1785.09143066406,0.823823988437653,0.00741699989885092,-0.25,4.59664011001587,8.39480495452881,9.13700008392334,-0.798382666666649,-1.58355096516163
24,5,342131.586,6368612.52,3.84547400474548,87.0059967041016,1.51297402381897,57,1721.54138183594,0.84079498052597,3.87969994544983,-0.172414004802704,1.58026194572449,1.53850996494293,17.683723449707,-1.03829766666666,-2.59716955788331
230,5.22,342444.4,6367967.6,18.9598922729492,103.706703186035,2.39851999282837,56,1729.89208984375,0.371051013469696,1.78316795825958,-0.167999997735023,2.88147306442261,2.94312596321106,13.8961992263794,-0.388782999999999,-1.29831077629893
336,5.81,342522.734,6366402.89,16.1352996826172,106.167503356934,3.52905511856079,47,1669.36059570312,0.0637720003724098,0.350021988153458,-0.224490001797676,3.21775698661804,2.71459698677063,13.7414064407349,-0.100286166666677,-0.259474861828767
301,6.45,342427.5,6366855,38.1681900024414,127.69270324707,3.56096911430359,41,1767.49426269531,0.760926008224487,0.623420000076294,-0.302325993776321,4.02731704711914,2.86187601089478,10.3215398788452,0.392899500000025,0.68981079019362
497,5.75,341143,6364716,21.7579498291016,126.54280090332,4.66324615478516,54,1799.28918457031,0.584510982036591,0.408831000328064,-0.171170994639397,6.23408079147339,4.7273530960083,13.7169532775879,-0.257523666666667,-0.606931802234
394,9.11,341074,6366356,96.3266983032227,200.45100402832,5.14417314529419,43,1699.10009765625,0.930873990058899,0.0591979995369911,-0.216495007276535,4.59491395950317,6.75393676757812,9.19237422943115,0.721270547619056,1.49535654651218
242,6.03,343126.3,6367669,7.08407592773438,88.4225006103516,4.07019805908203,39,1642.47607421875,0.597274005413055,2.66181898117065,-0.380952000617981,3.70523810386658,2.32887506484985,14.7258167266846,-0.324692,-0.668526980288716
448,5.95,340735,6365116,57.8025283813477,165.021301269531,5.49686908721924,35,1757.84680175781,0.135536998510361,0.473006010055542,-0.375,8.74627494812012,8.63769245147705,10.5746088027954,-0.01311783333332,0.0574239670956462
327,7.34,340939.944,6366481.81,105.468627929688,211.208297729492,6.00554990768433,54,1795.77453613281,0.937458992004395,0.0137080000713468,-0.206107005476952,6.52409887313843,9.94435596466064,8.90830612182617,-0.333849015873014,-0.732508204599599
419,9.25,341169,6366031,57.6448974609375,161.260498046875,4.12874317169189,53,1777.06811523438,0.784461975097656,0.0151359997689724,-0.265625,5.78462409973145,7.1774640083313,9.51702117919922,1.392252,2.5407699286036
305,7.42,342356.2,6367331.8,18.7606582641602,107.161003112793,1.24970698356628,44,1727.97265625,0.553457021713257,2.89636588096619,-0.270832985639572,1.35422396659851,2.34625196456909,15.2682771682739,0.522906166666655,1.10119902783487
248,6.53,340614.2,6367522.4,53.8958358764648,161.510498046875,1.00893902778625,55,1713.95300292969,0.871276021003723,0.00503200013190508,-0.176470994949341,1.02489101886749,5.2658429145813,10.1709699630737,-0.746730821428571,-0.995603106549932
321,6.39,340927.739,6366483.83,105.468627929688,211.208297729492,6.00554990768433,54,1795.77453613281,0.937458992004395,0.0137080000713468,-0.206107005476952,6.52409887313843,9.94435596466064,8.90830612182617,-1.28384901587301,-2.04011004761301
361,5.45,342504.482,6368089.08,27.0016174316406,110.451202392578,3.43476510047913,55,1701.62536621094,0.441671997308731,0.570842027664185,-0.155963003635406,4.11754322052002,3.64063501358032,11.8505687713623,-0.21477666666665,-0.780088408287904
453,5.26,340837,6365100,75.6164779663086,182.150802612305,3.31351089477539,48,1743.4443359375,0.879902005195618,0.0539710000157356,-0.236364006996155,4.24303817749023,6.48278379440308,9.47327995300293,-0.581561821428604,-1.04074441145807
112,6,341434.251,6369866.22,1.67904698848724,87.4372634887695,1.07377099990845,62,1700.89489746094,0.902180016040802,3.93701004981995,-0.170369997620583,1.08008098602295,1.0675220489502,18.5473003387451,-0.376730999999998,-1.23629404058605
402,6.9,340137,6366146,66.0756988525391,180.360504150391,6.9102520942688,57,1840.67272949219,0.666334986686707,0.190087005496025,-0.167999997735023,9.09502983093262,6.57031202316284,11.1523513793945,-0.00248516666665743,0.0549643102838235
80,5.84,340334.394,6370016.91,0.712333977222443,100.582298278809,2.55989098548889,55,1674.65576171875,0.84724098443985,2.23247694969177,-0.179104000329971,2.41107392311096,1.91939401626587,17.3924217224121,-0.362943166666674,-0.597384816165084
36,4.56,338859.801,6369539.67,6.75965881347656,125.736297607422,1.79215800762177,56,1710.79919433594,0.895819008350372,2.84134602546692,-0.305555999279022,1.78314101696014,1.93235099315643,16.7015953063965,-1.12728583333335,-2.62958955548996
35,5.02,339859.8,6369065.5,11.808783531189,117.032699584961,4.12023496627808,62,1759.23645019531,0.316195011138916,0.809049010276794,-0.149606004357338,4.38725900650024,3.50396108627319,14.5235166549683,-0.42065716666668,-0.926521106412555
87,6,340533.421,6369920.77,0.0952989980578423,97.0342483520508,0.518338024616241,59,1710.61181640625,0.847611010074615,3.77113509178162,-0.140625,0.541251003742218,0.588234007358551,18.5851726531982,-0.637600333333338,-1.42405948888673
399,8.48,340948,6366012,29.3242416381836,134.919799804688,3.44753408432007,47,1652.14916992188,0.859296977519989,1.93400299549103,-0.142857000231743,3.35408210754395,3.01968693733215,14.2760610580444,0.662975000000013,0.933881390629553
349,8.31,341285.5,6366321.8,61.730583190918,163.776504516602,18.5615825653076,42,1632.53173828125,0.300375014543533,0.00152499997057021,-0.3125,13.5708856582642,10.5601234436035,9.33400917053223,0.335388499999977,0.324098325052965
324,6.57,341065.55,6366706.75,61.9904632568359,165.940200805664,5.7188458442688,55,1804.26721191406,0.534479975700378,0.103061996400356,-0.189655005931854,6.67280197143555,8.69806385040283,9.66728496551514,-0.102026571428557,-0.29998131740201
111,9,341435.063,6369564.6,0.0211330000311136,86.3014984130859,1.06143701076508,57,1719.04211425781,0.941863000392914,3.92679595947266,-0.1875,1.1216789484024,2.02048397064209,19.1374530792236,1.14301899999999,2.48680559403189
461,7.87,341042,6365194,53.4699783325195,158.582504272461,8.25207233428955,55,1804.857421875,0.538267016410828,0.0472819991409779,-0.140496000647545,8.80282974243164,6.91559505462646,9.55073738098145,0.235453666666678,0.365781792248543
397,8.82,341172,6366150,59.1377716064453,162.671798706055,10.7564811706543,59,1540.62548828125,0.426270008087158,0.0506299994885921,-0.212597995996475,9.38076686859131,7.08295679092407,9.45593452453613,0.806411047619067,1.4454922907513
351,6.64,341485.5,6366271.8,28.5551147460938,128.651702880859,10.2158145904541,54,1607.89392089844,0.668130993843079,0.226885005831718,-0.247862994670868,7.94044208526611,6.34882497787476,11.1996269226074,0.171932999999982,-0.0973300877265935
422,5.1,341771,6365981,25.17724609375,123.205703735352,4.89510297775269,53,1636.34680175781,0.395152002573013,0.614373981952667,-0.222222000360489,4.34046506881714,2.92363595962524,11.1694822311401,-0.230345833333338,-0.688444739451518
345,6.31,342882.832,6366192.36,3.57006096839905,90.984001159668,1.86027801036835,44,1685.86010742188,0.673300981521606,2.92389392852783,-0.26213601231575,1.79877603054047,1.61820900440216,16.3167057037354,-0.0264776666666746,-0.0072918749784634
31,5.11,341834.8,6365965.5,23.3939590454102,120.793998718262,2.97807288169861,49,1662.69506835938,0.324710011482239,0.507194995880127,-0.204081997275352,2.79218888282776,2.73881411552429,11.7399673461914,-0.25079699999999,-0.689247452376564
73,6.5,340061.885,6369591.29,2.73108696937561,104.435203552246,1.02791500091553,56,1713.00549316406,0.862199008464813,3.93003797531128,-0.149606004357338,1.05750894546509,0.957531988620758,18.5137329101562,-0.455270999999996,-0.922085014055183
424,5.47,342057,6365821,10.1144485473633,105.851997375488,2.67550492286682,47,1671.49658203125,0.538596987724304,2.71494197845459,-0.318681001663208,2.51203894615173,2.13298606872559,14.5171775817871,-0.242793,-0.322603608112594
333,6.38,342502.919,6366765.24,37.0616226196289,126.263000488281,10.2165994644165,46,1615.40832519531,0.747906029224396,0.155937999486923,-0.269230991601944,7.95592594146729,4.64094591140747,9.25034236907959,0.0442746666666496,0.0651660314727645
122,5.51,340103.419,6370348.74,18.3103713989258,123.523002624512,2.93019795417786,47,1760.9970703125,0.429437011480331,0.215363994240761,-0.19607800245285,3.3802649974823,2.51146101951599,13.0203943252563,-0.0157928333333528,0.0337725094590366
172,8.32,340349.017,6368575.4,0.686775028705597,103.362998962402,1.41617894172668,47,1706.62292480469,0.903244972229004,3.7611870765686,-0.333332985639572,1.41923403739929,1.20912599563599,18.0960903167725,0.992264166666692,2.3769822012133
381,6.26,340848,6366395,87.784309387207,194.444702148438,22.1965293884277,44,1355.93005371094,0.474518001079559,3.70000016118865e-05,-0.2134830057621,17.9848175048828,13.3416566848755,8.99899959564209,-0.51886330952383,-1.16988169214388
92,9.25,340732.69,6369653.27,3.45110297203064,97.838996887207,0.83932501077652,62,1719.47229003906,0.808788001537323,3.94485402107239,-0.157894998788834,0.896708011627197,0.915539026260376,18.4847755432129,0.91649983333334,2.02748187064478
234,6.02,342671.4,6367827.1,32.3079833984375,116.123001098633,0.997085988521576,61,1690.82824707031,0.643091022968292,0.0288100000470877,-0.157024994492531,1.01386797428131,1.9685800075531,12.5249853134155,-0.140369166666666,-0.325016522294171
338,6.45,342803.669,6366165.59,4.69113206863403,92.8342514038086,2.06374406814575,61,1683.92163085938,0.725171983242035,2.92703294754028,-0.221374005079269,1.98009502887726,1.34110105037689,16.0347423553467,0.0648145000000158,0.247040074082278
472,8.29,340946,6365566,18.7875747680664,124.598503112793,1.51071202754974,48,1719.29577636719,0.927285015583038,2.97109603881836,-0.188118994235992,1.54915499687195,3.02975702285767,17.6225490570068,0.440311333333336,0.936423258632799
300,7.48,341960.9,6367457.5,15.7744598388672,107.214996337891,4.77075815200806,43,1701.26293945312,0.705923974514008,1.37275397777557,-0.104478001594543,4.36998605728149,3.06943297386169,13.9765920639038,0.150859166666707,0.033750732174699
271,5.35,340166.3,6367130.3,36.8735046386719,156.408996582031,13.1989192962646,55,1757.67956542969,0.204576000571251,0.0201379992067814,-0.182609006762505,11.7358732223511,8.39116477966309,9.33914279937744,-0.662684333333341,-1.02162632778091
323,6.9,340995.685,6366625.78,75.2587661743164,180.278503417969,7.06354713439941,56,1871.32568359375,0.417515993118286,0.00188100000377744,-0.16949200630188,13.1875152587891,11.2457494735718,9.35746288299561,-0.0828683333333196,-0.348321182837981
314,8.95,340919.3,6366482.6,106.189315795898,212.227798461914,4.2350959777832,53,1797.09057617188,0.935266017913818,0.00484600011259317,-0.184000000357628,5.14928817749023,10.5815134048462,9.04777812957764,0.570460595238085,0.966749649874731
443,5.88,340238,6365081,42.5397796630859,152.966003417969,5.93233489990234,56,1768.25671386719,0.372763991355896,0.0293879993259907,-0.171170994639397,10.3835477828979,8.97382545471191,11.3676929473877,-0.212921500000013,-0.0862676639859021
140,4.44,340417.353,6368356.8,5.13603210449219,108.394996643066,1.33998703956604,59,1729.892578125,0.819618999958038,2.09002304077148,-0.203252002596855,1.45829904079437,2.62058711051941,17.0060043334961,-0.824328833333329,-1.83586211118622
387,8.19,341132,6366430,87.6415252685547,191.129699707031,9.21272945404053,43,1813.806640625,0.755985021591187,0.0149550000205636,-0.204818993806839,9.7315092086792,9.08442497253418,9.30766201019287,0.361114166666692,0.478521532529966
21,5,341737.119,6368868.59,23.3442764282227,108.773002624512,5.35381698608398,54,1684.75622558594,0.632016003131866,0.627234995365143,-0.13043500483036,4.7422947883606,4.0101580619812,10.984658241272,-0.602335666666663,-1.18186652968913
376,6.48,340670,6366323,47.5662384033203,156.531295776367,12.1891231536865,56,1527.4765625,0.601724028587341,0.118626996874809,-0.235293999314308,9.67469215393066,9.19145393371582,10.5232257843018,-0.236716833333318,-0.54379974685136
340,6.05,342583,6366860,35.7086181640625,123.975303649902,2.62942910194397,41,1725.9248046875,0.774330019950867,0.174695000052452,-0.40659299492836,2.64402198791504,2.39939904212952,11.1475801467896,0.0695139999999865,0.281518588467371
208,5.08,341261.701,6368430.05,38.5776138305664,131.847702026367,0.662701010704041,55,1706.9091796875,0.805373013019562,0.0553850010037422,-0.292035013437271,0.676432013511658,1.48301100730896,11.72607421875,-0.502247999999988,-0.833962995716136
30,7.07,338581.952,6369969.46,49.5538177490234,171.307800292969,4.10398006439209,46,1651.84497070312,0.764414012432098,0.0244009997695684,-0.132074996829033,3.72429895401001,5.9749870300293,9.67778396606445,0.0311281666667016,0.26576821189053
499,6.93,341117,6364816,14.5502243041992,119.399002075195,4.71919918060303,54,1648.69873046875,0.858802974224091,1.55260097980499,-0.189655005931854,4.15580892562866,6.87509107589722,15.4810857772827,-0.127928666666684,-0.481828688445632
206,5.49,340227.335,6370166.83,8.19255828857422,110.433700561523,4.23989200592041,54,1642.89978027344,0.335471004247665,0.592104017734528,-0.168142005801201,3.83771991729736,3.78400993347168,14.7580327987671,-0.00363466666664625,0.124335314428948
297,6.17,341734.2,6367171.1,29.3702087402344,124.323196411133,8.28412437438965,40,1664.50622558594,0.10428199917078,0.343942999839783,-0.142857000231743,6.84247922897339,6.39150905609131,10.5914039611816,-0.258618499999998,-0.872154303929032
219,5.48,341365.9,6368066.8,29.9413528442383,124.358497619629,7.92253112792969,53,1628.51489257812,0.664205014705658,0.0930109992623329,-0.135134994983673,6.4417781829834,5.22684717178345,10.5191984176636,-0.387646666666649,-1.05233708997746
82,6.36,340392.689,6369299.75,0,98.8639984130859,0.836860001087189,52,1696.96447753906,0.879855990409851,3.80129194259644,-0.24193499982357,0.843959987163544,1.76919400691986,19.466796875,-0.234749333333319,-0.629004614585805
96,6.49,340926.09,6369344.04,2.05258893966675,94.5752487182617,0.662513971328735,66,1714.21716308594,0.9167600274086,3.9520800113678,-0.174603000283241,0.697296977043152,0.639576017856598,19.2345695495605,-0.246723333333311,-0.85185658982363
506,7.17,340598,6365526,22.8255310058594,131.249298095703,2.4011549949646,54,1744.341796875,0.91219699382782,2.95517802238464,-0.172414004802704,2.60489892959595,2.87077188491821,16.9450397491455,0.036985666666653,0.108805375125507
169,5.07,340723.705,6368048.21,34.0600738525391,136.00520324707,4.50962114334106,53,1786.76037597656,0.443850994110107,0.523599982261658,-0.288136005401611,5.29037380218506,4.51323890686035,10.4647541046143,-0.226336166666663,-0.251134522081776
413,7.31,340589,6365740,64.8484344482422,173.764297485352,6.03493118286133,47,1713.40185546875,0.873062014579773,0.0161479990929365,-0.333332985639572,5.4387731552124,9.04710102081299,8.89398670196533,0.244750761904722,0.51920471434723
228,6.4,342651.3,6367917.7,34.0949325561523,117.387001037598,2.50203204154968,68,1706.33569335938,0.685474991798401,0.108650997281075,-0.17391300201416,2.88987803459167,2.9993200302124,11.1781454086304,0.145765833333351,0.412165992298535
293,7.85,341382.9,6367356.2,14.5984115600586,112.506698608398,1.35884201526642,46,1728.69677734375,0.874356985092163,2.97665309906006,-0.161290004849434,1.5229389667511,2.00298404693604,16.3497753143311,0.496169333333309,1.12245326604268
423,5.6,341850,6365881,18.2494964599609,115.591003417969,4.67467308044434,53,1640.44604492188,0.113539002835751,0.927080988883972,-0.225225001573563,4.15480279922485,3.2001359462738,12.3441009521484,-0.134277666666686,-0.219312010061616
375,6.31,340649,6366374,57.4450454711914,166.467697143555,16.6084671020508,54,1449.89404296875,0.11769899725914,0.00281900004483759,-0.245902001857758,13.3266668319702,10.4847593307495,9.48539352416992,-0.645260333333337,-1.1836406997131
258,7.82,342026.6,6367567.2,13.6185607910156,103.883796691895,3.48834800720215,47,1684.78540039062,0.676307022571564,1.94287097454071,-0.14606699347496,3.21609592437744,2.59083008766174,14.7481422424316,0.417482666666691,0.669244185588807
473,8.01,340945,6365159,63.8403930664062,169.676193237305,8.22864532470703,53,1810.87658691406,0.730397999286652,0.0237520001828671,-0.15447199344635,8.9204273223877,7.34650897979736,9.23868846893311,0.408167999999985,0.770717483817103
490,5.5,340639,6364850,42.8463134765625,150.59049987793,10.4342641830444,61,1644.08544921875,0.70559298992157,0.664388000965118,-0.191175997257233,8.22566032409668,9.85575008392334,11.7064685821533,-0.814462166666662,-1.70587979240599
385,5.98,340934,6366020,28.9086608886719,134.751693725586,2.48886299133301,53,1667.27270507812,0.850769996643066,2.54572510719299,-0.19327700138092,2.40124702453613,3.10607194900513,14.6065244674683,-0.45737149999998,-1.48390936295246
119,6.31,341760.566,6369444.87,1.57621800899506,83.7109985351562,1.31245303153992,59,1726.15930175781,0.923141002655029,3.24183392524719,-0.19327700138092,1.4228310585022,1.27224004268646,18.7690486907959,-0.117937000000008,-0.144774140012705
482,7.9,341062,6365056,50.3375854492188,155.337493896484,17.7561645507812,56,1523.46484375,0.489710986614227,0.00246699992567301,-0.222222000360489,12.3681545257568,9.20411491394043,9.12778663635254,0.287919333333353,0.561692363707666
372,6.09,340409,6366457,79.8362731933594,192.246505737305,4.02152490615845,55,1781.29907226562,0.742399990558624,0.0508380010724068,-0.222222000360489,4.56536102294922,6.80807304382324,9.5989465713501,-0.281986000000013,-0.414135989415935
108,6.53,341285.574,6369392.64,2.46826910972595,90.9147491455078,0.510482013225555,61,1710.04211425781,0.922008991241455,3.9626190662384,-0.203252002596855,0.533468008041382,0.436569005250931,19.2978038787842,-0.00955733333332809,-0.151976647835567
435,5.57,340434,6365187,50.2824630737305,159.584197998047,4.8380331993103,40,1805.11730957031,0.392958998680115,0.317313998937607,-0.375,6.81387281417847,5.72970104217529,10.290548324585,-0.222016166666672,-0.184908082948227
